token_address,receiver,amount
0xc6C0C0f54a394931a5b224c8b53406633e35eeE7,0xe787dFfeE2A005D878c85fE3E8eDF6A3FE1DB4a7,0.0001
0xc6C0C0f54a394931a5b224c8b53406633e35eeE7,0x775bE7D22430e2A25e45286561f7fC100ABBdE37,0.00003
0xc6C0C0f54a394931a5b224c8b53406633e35eeE7,0x9F5a994d9d6a4F7634E63840d87D629F1eB5fd61,0.00006
0xc6C0C0f54a394931a5b224c8b53406633e35eeE7,0xe200a03911e9D10737EABc05aCCD8B759E9F2AF0,0.00001
0xc6C0C0f54a394931a5b224c8b53406633e35eeE7,0x0B251acD43C2018772fd01928746E7D3Ec0D18e5,0.00001
0xc6C0C0f54a394931a5b224c8b53406633e35eeE7,0x96D6D5762666f793eFbAd281d7CBa7a8954d0381,0.00006
0xc6C0C0f54a394931a5b224c8b53406633e35eeE7,0xEedC35d49FE502aD22Fc33714fEf3664083AfAD5,0.00009
0xc6C0C0f54a394931a5b224c8b53406633e35eeE7,0x7E97f5C2f8eEF71759b9be54bF8B2EAFB3434376,0.00001
0xc6C0C0f54a394931a5b224c8b53406633e35eeE7,0x5A33A08E8BbfD57F004bdECd560e70FF81BB7a5a,0.00003
0xc6C0C0f54a394931a5b224c8b53406633e35eeE7,0xEcC2CCd5E5C738ca3C4fa5fc533C366397688121,0.00003
0xc6C0C0f54a394931a5b224c8b53406633e35eeE7,0xF54451799546D103921ee89B00a619356dA5eee9,0.00004
0xc6C0C0f54a394931a5b224c8b53406633e35eeE7,0x1ea48a5D017EeeA04A7F90f52B16a9c6c7381066,0.00003
0xc6C0C0f54a394931a5b224c8b53406633e35eeE7,0x6ECC6650311b6625A465d967a8524Cd4257a48Eb,0.00007
0xc6C0C0f54a394931a5b224c8b53406633e35eeE7,0x1790ac6737703693204D55ED565dF4AA9c44df3C,0.00005
0xc6C0C0f54a394931a5b224c8b53406633e35eeE7,0x88aFB65d500A6f8dD96E09bEFa095B42A273E8C8,0.00006
0xc6C0C0f54a394931a5b224c8b53406633e35eeE7,0xf5018699F6D2B56731558ba8601C4b333a93aed0,0.00004
0xc6C0C0f54a394931a5b224c8b53406633e35eeE7,0xE6433035301F0568DfcCEEC84d587CD9C76fD979,0.00002
0xc6C0C0f54a394931a5b224c8b53406633e35eeE7,0x0803FFC42b25b0Be3ADDcd05D84db1F2f0DFa221,0.00008
0xc6C0C0f54a394931a5b224c8b53406633e35eeE7,0x60095d215559B188B43E50521B389d8754C4c356,0.00003
0xc6C0C0f54a394931a5b224c8b53406633e35eeE7,0x0480B145EDBfE9e845Ef0CE9e596A8272793A3aA,0.00004
0xc6C0C0f54a394931a5b224c8b53406633e35eeE7,0x857BE4C6EC0F5DeFa9f11e6b31d8850C629fFa89,0.00004
0xc6C0C0f54a394931a5b224c8b53406633e35eeE7,0x204Ff13E0b96B7d97bf5E1b5ab535E0f809b3084,0.00007
0xc6C0C0f54a394931a5b224c8b53406633e35eeE7,0xb6a3698Fc9F6F3071b4e7165898cAAcc31B7D9f8,0.0001
0xc6C0C0f54a394931a5b224c8b53406633e35eeE7,0x523E0C6960E28CFdd657608395C7F51000b32327,0.00009
0xc6C0C0f54a394931a5b224c8b53406633e35eeE7,0xDD6096150F5c6Cdb60d0120f264D71C770c93A96,0.00004
0xc6C0C0f54a394931a5b224c8b53406633e35eeE7,0x37ceF9153e1df0512b2bb0290F36B2009b5566Dc,0.00004
0xc6C0C0f54a394931a5b224c8b53406633e35eeE7,0xa92331448e5f2Bee64301D1b2c6821b70A455A44,0.00001
0xc6C0C0f54a394931a5b224c8b53406633e35eeE7,0xF58F00b0f5284Aa989679E391B23e92461679F07,0.00009
0xc6C0C0f54a394931a5b224c8b53406633e35eeE7,0xb7EF312Ba44fdFf54B41111663DBDF88d863EfC3,0.00001
0xc6C0C0f54a394931a5b224c8b53406633e35eeE7,0xf2052d7412D6d1e501351596e822E1823d4e5a49,0.00008
0xc6C0C0f54a394931a5b224c8b53406633e35eeE7,0xA25c6752C5938b5dAF0cEB8C4c6869A937Ad98D4,0.00001
0xc6C0C0f54a394931a5b224c8b53406633e35eeE7,0x7dBB18847e545085b8bD3C609DB2d3Cf38AEca13,0.0001
0xc6C0C0f54a394931a5b224c8b53406633e35eeE7,0x4106C2caC3F6b87050B0DF8803F0D9B8B594dBa3,0.00005
0xc6C0C0f54a394931a5b224c8b53406633e35eeE7,0x54FfB1EC37b9607f44d1Eafc8656a532D8018E60,0.00009
0xc6C0C0f54a394931a5b224c8b53406633e35eeE7,0x1aC793543B455f1BEEb414AC914816A0a94697AD,0.00005
0xc6C0C0f54a394931a5b224c8b53406633e35eeE7,0xA785626292BC4eA5c974eAFf5F27BEF30dD92559,0.00003
0xc6C0C0f54a394931a5b224c8b53406633e35eeE7,0xe6A23cf6C623941FB4a2CD6b21D42121eB79672d,0.00001
0xc6C0C0f54a394931a5b224c8b53406633e35eeE7,0xDe2904e1d2b5CbD738F58789dc2d782Ff9424674,0.00006
0xc6C0C0f54a394931a5b224c8b53406633e35eeE7,0xfE7a2592Dd6f1a21E3566C0A30ed88E02680B32f,0.00002
0xc6C0C0f54a394931a5b224c8b53406633e35eeE7,0xEd432718cf36586a95cFf64CaD01FfEBa1729E6f,0.00006
0xc6C0C0f54a394931a5b224c8b53406633e35eeE7,0x652D01b9FfbF659Ae8f5D4862c3De8881C8A25aa,0.00009
0xc6C0C0f54a394931a5b224c8b53406633e35eeE7,0x6b1043B540BDE0673b5effe637020b8142E3E185,0.00007
0xc6C0C0f54a394931a5b224c8b53406633e35eeE7,0xE9B928Db04E0b2325C392c7490983FABae2627d7,0.00006
0xc6C0C0f54a394931a5b224c8b53406633e35eeE7,0xa930016B8dcBEc3F19C379aA8fF769370C0A40BE,0.00001
0xc6C0C0f54a394931a5b224c8b53406633e35eeE7,0xFeE04BB2204B3291C736C20A880Ba1023Ae60f5B,0.00006
0xc6C0C0f54a394931a5b224c8b53406633e35eeE7,0x78F960f04d035a8679FFd3D21f36f1dB6f7C8DdD,0.0001
0xc6C0C0f54a394931a5b224c8b53406633e35eeE7,0x615313F94B1Be84E545A8c27A4237b876CD6C069,0.00005
0xc6C0C0f54a394931a5b224c8b53406633e35eeE7,0xE26a37d3f809FeF891B8C8791A7b8A55d73392ED,0.00006
0xc6C0C0f54a394931a5b224c8b53406633e35eeE7,0x9e34041b224EB3449d7dB0F5F6ecbE65E286C776,0.00001
0xc6C0C0f54a394931a5b224c8b53406633e35eeE7,0x376554437FC4C201322421324e0eD8df5E6822AC,0.00002
0xc6C0C0f54a394931a5b224c8b53406633e35eeE7,0x8a22c94Ea572bE4786833C6Fd0625698137D045B,0.0001
0xc6C0C0f54a394931a5b224c8b53406633e35eeE7,0xD0B3F3A873A5875B837ff66aF98f37e7c448f673,0.00007
0xc6C0C0f54a394931a5b224c8b53406633e35eeE7,0xF473dB50e9771915f0687e6B74E3DBda226B83bd,0.00003
0xc6C0C0f54a394931a5b224c8b53406633e35eeE7,0x922C3b4bBd04c108a415c0d02B5a43CD8CfA2B52,0.00008
0xc6C0C0f54a394931a5b224c8b53406633e35eeE7,0xC9bcfBaeb3d008b21dc255aac52A4715155B1138,0.00008
0xc6C0C0f54a394931a5b224c8b53406633e35eeE7,0xeAF7c2e5c8294dc423a1fa29a4C0b08205b9C9eB,0.00007
0xc6C0C0f54a394931a5b224c8b53406633e35eeE7,0x11B624e83CA8F1e8A26a15fE23cDf0bf3264fdd5,0.00008
0xc6C0C0f54a394931a5b224c8b53406633e35eeE7,0x97053B8EcB57d377D9ECFbf87e2307939be1Ef4D,0.0001
0xc6C0C0f54a394931a5b224c8b53406633e35eeE7,0x294Df2b92C60C96B17d8cA6A73ea3c7400969Ef5,0.00008
0xc6C0C0f54a394931a5b224c8b53406633e35eeE7,0xd61d44D3Ef682FBDb062ACd2CAb0652221eE140c,0.00006
0xc6C0C0f54a394931a5b224c8b53406633e35eeE7,0x63512c8AFe9Cf961623c4609831e3b2AE04826DA,0.00001
0xc6C0C0f54a394931a5b224c8b53406633e35eeE7,0xA9a05fdC924Bd7C3F833bf4c9Ffa2599Acd4CBa3,0.00001
0xc6C0C0f54a394931a5b224c8b53406633e35eeE7,0x5e8f665719b8b2e51181f755286cA41AA65381D8,0.00002
0xc6C0C0f54a394931a5b224c8b53406633e35eeE7,0xE57D51a9d41E21E0bAedCd2879465757E7cc153A,0.00005
0xc6C0C0f54a394931a5b224c8b53406633e35eeE7,0xB5AA12d96ceF0470d985e31b75a4e54c9039f6df,0.00009
0xc6C0C0f54a394931a5b224c8b53406633e35eeE7,0xA133940738AE4445900b920Bf0FC9F6dd355cA2b,0.00005
0xc6C0C0f54a394931a5b224c8b53406633e35eeE7,0xaA2F0C22deFEC32F5fE8b4365538b2e597aaf33d,0.00008
0xc6C0C0f54a394931a5b224c8b53406633e35eeE7,0xd02e01e70b292c34364FfA0Fe34074eda1A4d475,0.00003
0xc6C0C0f54a394931a5b224c8b53406633e35eeE7,0x07e7EBB447F1D6819Ab2140965Ce2E9909573E95,0.00006
0xc6C0C0f54a394931a5b224c8b53406633e35eeE7,0x167703D3D39277Dd1a692143914443ebBC5359c7,0.00005
0xc6C0C0f54a394931a5b224c8b53406633e35eeE7,0xdef3026822D0dFcD9091E798273f2Eb35BB7c25D,0.00009
0xc6C0C0f54a394931a5b224c8b53406633e35eeE7,0x297e657A6D9035B23F9D8AC70990426664B43A88,0.00006
0xc6C0C0f54a394931a5b224c8b53406633e35eeE7,0x4E46d451833f891b7a2a91757d6f4BC62b4033c4,0.00005
0xc6C0C0f54a394931a5b224c8b53406633e35eeE7,0x628Cd61C3c4B46A2D3A6698168914E12A4f49777,0.00004
0xc6C0C0f54a394931a5b224c8b53406633e35eeE7,0xD57e910C0198e7Df175D1c74A4044EEFd37E8771,0.00008
0xc6C0C0f54a394931a5b224c8b53406633e35eeE7,0x9e610C3Ce297Cb67CD21fc9692C63B54F7432C63,0.00009
0xc6C0C0f54a394931a5b224c8b53406633e35eeE7,0xAaF3C172CcD41F4633d0DF204E63EE6B2dD43109,0.00009
0xc6C0C0f54a394931a5b224c8b53406633e35eeE7,0x9F80134F9F7bae0f791D3e92Dfb419F60194F8B8,0.00009
0xc6C0C0f54a394931a5b224c8b53406633e35eeE7,0xFeB21C7b816e691e030a7FA86743e15978146AF1,0.00003
0xc6C0C0f54a394931a5b224c8b53406633e35eeE7,0xBDf16b70e3715c1Dc0C4799b863304a6945e0733,0.00002
0xc6C0C0f54a394931a5b224c8b53406633e35eeE7,0xA4b4934676F5309d1ae29Acaf4638e1c5f6cb3f9,0.00002
0xc6C0C0f54a394931a5b224c8b53406633e35eeE7,0xb43fe0813268E50c88A7C32F4b5b6F90D62dF10A,0.00004
0xc6C0C0f54a394931a5b224c8b53406633e35eeE7,0xA7dCd4bA523f9BA349F9c8Ef5eD2cDf52ed7B1aA,0.00009
0xc6C0C0f54a394931a5b224c8b53406633e35eeE7,0x8B6e5EDEc8B906F6801a43bC4FCd4213998d217F,0.00001
0xc6C0C0f54a394931a5b224c8b53406633e35eeE7,0x131061E81B69C1a6D138bE6BfEfB08Da38BB2192,0.00004
0xc6C0C0f54a394931a5b224c8b53406633e35eeE7,0x7154a91c4c1d8759AB60CbD346Ffc4a470dBB8D3,0.00009
0xc6C0C0f54a394931a5b224c8b53406633e35eeE7,0x53b8aa05d638A1ec12130Dcc871492Cd240DdCb2,0.00009
0xc6C0C0f54a394931a5b224c8b53406633e35eeE7,0x2245BF37881E8A9c875e439cB0A5c917A9687398,0.00006
0xc6C0C0f54a394931a5b224c8b53406633e35eeE7,0xe32963291965711497C955C066d7DA308387Ea70,0.00007
0xc6C0C0f54a394931a5b224c8b53406633e35eeE7,0x9bc86D430F6ceD7f902Ddf64ecb2115c83DEFC3B,0.00007
0xc6C0C0f54a394931a5b224c8b53406633e35eeE7,0xf3d39f3463DD983509C9cf358cf5E29a5BDd6A8c,0.00005
0xc6C0C0f54a394931a5b224c8b53406633e35eeE7,0xB60d0a5535D8345d80302814fCB309Fcb17FbBA7,0.0001
0xc6C0C0f54a394931a5b224c8b53406633e35eeE7,0x97F201f93628BC064E4FA9d5882ef0E5C5d939cE,0.00003
0xc6C0C0f54a394931a5b224c8b53406633e35eeE7,0x8a0fa7D911de14fb72b47F6440A3a65681D670B5,0.00004
0xc6C0C0f54a394931a5b224c8b53406633e35eeE7,0x3a08de17324dcD14Fd1C818EA7D05Ef578fFbA2D,0.00002
0xc6C0C0f54a394931a5b224c8b53406633e35eeE7,0x8BA995fF793b1a5f9e8a42eA62880B5b587D1969,0.00008
0xc6C0C0f54a394931a5b224c8b53406633e35eeE7,0xA13f1D516d8D92cd0E9F930eeFb3515b8f2bb60D,0.00006
0xc6C0C0f54a394931a5b224c8b53406633e35eeE7,0xBADf7810198d26D947Bc15c067e7Bc2cA63Aedc0,0.00009
0xc6C0C0f54a394931a5b224c8b53406633e35eeE7,0x8eC609FC7CDbf73F1158cFfF020fB1D06a4a5194,0.00001
0xc6C0C0f54a394931a5b224c8b53406633e35eeE7,0x038ECB3E71a1b2bAA75897caE22daa5Dfc08272a,0.00003
0xc6C0C0f54a394931a5b224c8b53406633e35eeE7,0x2248fE59Ac365B63E801693429408b6E11F7eFe3,0.00008
0xc6C0C0f54a394931a5b224c8b53406633e35eeE7,0x42849f483aeFccED46806fb533a9b888B0d4Cbb4,0.00004
0xc6C0C0f54a394931a5b224c8b53406633e35eeE7,0x0395A89516640C9391109bDd3B7411E246531c5C,0.00005
0xc6C0C0f54a394931a5b224c8b53406633e35eeE7,0xC8d0adb1a5C010B22202301b0D0363Fab287a836,0.00008
0xc6C0C0f54a394931a5b224c8b53406633e35eeE7,0x329063D84EddA5b4237e4C103fb0d793d60E53cA,0.00004
0xc6C0C0f54a394931a5b224c8b53406633e35eeE7,0xbBc5C126753f8cC70Dae164E3e3d0996F77f7316,0.00006
0xc6C0C0f54a394931a5b224c8b53406633e35eeE7,0x1c854f2920eAEeF372b39951a16374E9233e2B5f,0.00001
0xc6C0C0f54a394931a5b224c8b53406633e35eeE7,0x7a79b81769230786dfE07dC9855b5613DC85babE,0.00002
0xc6C0C0f54a394931a5b224c8b53406633e35eeE7,0x45b2D3dE1af02b3A400D85Fb51e4fB2D1a18D794,0.00003
0xc6C0C0f54a394931a5b224c8b53406633e35eeE7,0xDF4FB04BDCB560f32c46D315861D13d4D0045825,0.00001
0xc6C0C0f54a394931a5b224c8b53406633e35eeE7,0xa2d824dcE2b305F5eEf288Cf2D8d2240453c15d4,0.00003
0xc6C0C0f54a394931a5b224c8b53406633e35eeE7,0xC32dCD3f72f5bAe54562612824dd18B249086dFc,0.00002
0xc6C0C0f54a394931a5b224c8b53406633e35eeE7,0x8C7ff4208d100FA18F59E58A61E2D7ECfDBd9c26,0.00002
0xc6C0C0f54a394931a5b224c8b53406633e35eeE7,0x660762008431E15106149674FBfDf55e21739b7A,0.00008
0xc6C0C0f54a394931a5b224c8b53406633e35eeE7,0x8A8Af8b00138a1A068bB36917088E4Bc3BB0e2c1,0.0001
0xc6C0C0f54a394931a5b224c8b53406633e35eeE7,0x26f9b93BE75236589E29691b9b64391c7Ab95eDB,0.0001
0xc6C0C0f54a394931a5b224c8b53406633e35eeE7,0x70249646517D2A1B697352E68eA9BA00748dAC1e,0.00001
0xc6C0C0f54a394931a5b224c8b53406633e35eeE7,0xb7a4A8EcC5F01b813944De72D83CDFC242227B92,0.00008
0xc6C0C0f54a394931a5b224c8b53406633e35eeE7,0x57903Ab7127849de1bDd27578f989864f4B9e2Dc,0.00006
0xc6C0C0f54a394931a5b224c8b53406633e35eeE7,0xee8E6470653B0dcD85228c02bFc23744d2957891,0.00009
0xc6C0C0f54a394931a5b224c8b53406633e35eeE7,0xBe22994C6209590d08987EB332bA905A6cf62047,0.0001
0xc6C0C0f54a394931a5b224c8b53406633e35eeE7,0xD2fcEf0A549230257d7E618750ec61f46D341291,0.00009
0xc6C0C0f54a394931a5b224c8b53406633e35eeE7,0xc8A84f2704A74f66Da76453Bc13D91027fd0B382,0.00003
0xc6C0C0f54a394931a5b224c8b53406633e35eeE7,0x82aEdE6Ee66612a80A2CaDE0fb405a707D850aB0,0.0001
0xc6C0C0f54a394931a5b224c8b53406633e35eeE7,0xa2b64a55D6E4a11d23806c344948930B84F7f21f,0.00004
0xc6C0C0f54a394931a5b224c8b53406633e35eeE7,0xc9De41f7537C659ec23F287028334361582cC310,0.00002
0xc6C0C0f54a394931a5b224c8b53406633e35eeE7,0xbcef1a86dA288AF2Ad97865E40ABc831254D0583,0.00004
0xc6C0C0f54a394931a5b224c8b53406633e35eeE7,0xc8A51553a218396b4fd5C1c42cbacb8432362b03,0.00006
0xc6C0C0f54a394931a5b224c8b53406633e35eeE7,0x9C6b825801DA8d9652b3BbA9370f149612B43a3F,0.00001
0xc6C0C0f54a394931a5b224c8b53406633e35eeE7,0xc53cB2A046368641f72900029b5bEe7d629179E7,0.00005
0xc6C0C0f54a394931a5b224c8b53406633e35eeE7,0x27cb2BE7ca349114b153D096356b4a36d9162Ef1,0.00006
0xc6C0C0f54a394931a5b224c8b53406633e35eeE7,0xc5CE5caF4B367E1251b1C9EA0BE2aC9ef7886427,0.00006
0xc6C0C0f54a394931a5b224c8b53406633e35eeE7,0x9E1064062EE7C40F20D8a7Db79A65B69d38F8d36,0.00004
0xc6C0C0f54a394931a5b224c8b53406633e35eeE7,0x1CE670bF544E436271F66f6f6248B415fB28cbCc,0.00008
0xc6C0C0f54a394931a5b224c8b53406633e35eeE7,0x7C712695841C05092BdB44b355FBefaEe5d8e87d,0.00001
0xc6C0C0f54a394931a5b224c8b53406633e35eeE7,0xa16d3B3f7aDC458E3d66a6e4b826F380028AD804,0.00007
0xc6C0C0f54a394931a5b224c8b53406633e35eeE7,0x546dF1e89877d21b039b2794736Ed0fb2e7b8387,0.00007
0xc6C0C0f54a394931a5b224c8b53406633e35eeE7,0xC8Cf7888e41d46713FE88e4afb2767DA557EA0c8,0.00006
0xc6C0C0f54a394931a5b224c8b53406633e35eeE7,0xeA7FCB89883DF553Bf070a54cDaaddE6b31e4581,0.00005
0xc6C0C0f54a394931a5b224c8b53406633e35eeE7,0xf927017cD55d00642126c7fd23320F9A29B65424,0.00002
0xc6C0C0f54a394931a5b224c8b53406633e35eeE7,0xDd4318b3851A92F3B498c5b80F8C36De7358bbeA,0.00009
0xc6C0C0f54a394931a5b224c8b53406633e35eeE7,0x9b749B188390eD9e075f9aaB43353A9F6ba1e0eC,0.00003
0xc6C0C0f54a394931a5b224c8b53406633e35eeE7,0xf2610e300e573D3bb96E2Af5B792884BDf5160Af,0.00004
0xc6C0C0f54a394931a5b224c8b53406633e35eeE7,0xE7d83a3c069360208B2b379B97A96cc85FB1CD27,0.00004
0xc6C0C0f54a394931a5b224c8b53406633e35eeE7,0x3058d19bFd74041a82ee6Ef9614281049EF94495,0.0001
0xc6C0C0f54a394931a5b224c8b53406633e35eeE7,0x76656b58430CDDC339Fc86EDdc06736a8Dc735DB,0.00001
0xc6C0C0f54a394931a5b224c8b53406633e35eeE7,0x8134Ecc3f6e6CF4a03fbAA52D792d414474E911a,0.00005
0xc6C0C0f54a394931a5b224c8b53406633e35eeE7,0xEb908f0eC5C51E73567bd755d01AeB453B182d79,0.00001
0xc6C0C0f54a394931a5b224c8b53406633e35eeE7,0xfea84B83229eE6797cAE609DF70426859EBb9FA2,0.00001
0xc6C0C0f54a394931a5b224c8b53406633e35eeE7,0x2921edDf4C7ceA0AC6c36818BD331AF327Af3A79,0.00001
0xc6C0C0f54a394931a5b224c8b53406633e35eeE7,0x987dAF29B4Dab6D4158870B34e09E3347A5ceB9F,0.00006
0xc6C0C0f54a394931a5b224c8b53406633e35eeE7,0xCA9ef91Fcf22E683AED6CdB402b3ac4d86EA761B,0.00008
0xc6C0C0f54a394931a5b224c8b53406633e35eeE7,0xA766656d7fed3bbf2DB6f0F4A5BA9fAbEBA5fF75,0.00008
0xc6C0C0f54a394931a5b224c8b53406633e35eeE7,0x8881CD8f0459938877bA1037C043a2e7B33F8186,0.00001
0xc6C0C0f54a394931a5b224c8b53406633e35eeE7,0x85FA4752Dd4C2B0636ceb5f019aBA5C79E3EDC4e,0.00001
0xc6C0C0f54a394931a5b224c8b53406633e35eeE7,0x7F0cD12414E3683563B90896939B7C792C59f023,0.00005
0xc6C0C0f54a394931a5b224c8b53406633e35eeE7,0xE55aE41E6Bd35C51d97F44e74429464886eaaD13,0.00004
0xc6C0C0f54a394931a5b224c8b53406633e35eeE7,0xffD7752F48A23426372adE77A8dFF3179C27Bfbc,0.00008
0xc6C0C0f54a394931a5b224c8b53406633e35eeE7,0x09e31075E71B298D7D02f39AF0A63e8Da02F8153,0.00009
0xc6C0C0f54a394931a5b224c8b53406633e35eeE7,0xB25f8AabFC1A04e54f32ca5B437E0E088F0172C3,0.00002
0xc6C0C0f54a394931a5b224c8b53406633e35eeE7,0x2146c2B8f60856D849470C6a3ac0E76E3901d788,0.00009
0xc6C0C0f54a394931a5b224c8b53406633e35eeE7,0x72C9a3b4cC5A33EFD527C06Cbba6e06bBBAE1DDF,0.00009
0xc6C0C0f54a394931a5b224c8b53406633e35eeE7,0xBf63F0D5F87bE015Cb59299fF51F1cB6F1a0A9A7,0.00006
0xc6C0C0f54a394931a5b224c8b53406633e35eeE7,0x45e5bD36aef955f38b209Bcc2481A9f94C298F4C,0.00008
0xc6C0C0f54a394931a5b224c8b53406633e35eeE7,0xEE381f7eF3A050aEbF2c8c34E9E8cEb0aBd450e8,0.00003
0xc6C0C0f54a394931a5b224c8b53406633e35eeE7,0xc6DE11F39B894235c244Aaa2e5128c9F4bfAE286,0.00005
0xc6C0C0f54a394931a5b224c8b53406633e35eeE7,0x662B459f5ca7d699F4134CbF4b0A1a9971A6c903,0.00009
0xc6C0C0f54a394931a5b224c8b53406633e35eeE7,0xfc28812a6e78d3d2291bE08B9a84438E51442793,0.00003
0xc6C0C0f54a394931a5b224c8b53406633e35eeE7,0xE2c3c7FAb6dBa8f3714eC341beCD75524B45A375,0.00009
0xc6C0C0f54a394931a5b224c8b53406633e35eeE7,0xe0BDcF46065663ffCa3205A7522118E99e1D8D32,0.00001
0xc6C0C0f54a394931a5b224c8b53406633e35eeE7,0xbf9e94D8c9A9716AE58Bd27C84230429B5F06f7F,0.00005
0xc6C0C0f54a394931a5b224c8b53406633e35eeE7,0x84C9D8FF8F6d327770AacDc8918cCce5D66c9DD2,0.00002
0xc6C0C0f54a394931a5b224c8b53406633e35eeE7,0x46CDd37748d2161eba4027Edd137E711b2a6D38F,0.00004
0xc6C0C0f54a394931a5b224c8b53406633e35eeE7,0x7E67dBb159fd22aA0C7Ea5d718A19A6533D76575,0.0001
0xc6C0C0f54a394931a5b224c8b53406633e35eeE7,0x39Ad968561F5f73728Fd9A2c6D620BB4c283BE3E,0.00003
0xc6C0C0f54a394931a5b224c8b53406633e35eeE7,0x084938deD0d2cC0d7094A492Bf0231e974AaFca1,0.00007
0xc6C0C0f54a394931a5b224c8b53406633e35eeE7,0xfA0EF2Da31c495e604A89712A25E8bfDC3822D37,0.00001
0xc6C0C0f54a394931a5b224c8b53406633e35eeE7,0xecabC0E62476b28d03DCF9Bbbb069DAE8CD35018,0.00008
0xc6C0C0f54a394931a5b224c8b53406633e35eeE7,0x665558E9d7b481AAd367cb6619E70c057DB9348C,0.00009
0xc6C0C0f54a394931a5b224c8b53406633e35eeE7,0x8d8311599879A278b9A72736e2b0Bc68FE36D0f9,0.00004
0xc6C0C0f54a394931a5b224c8b53406633e35eeE7,0x6586D70a2289CF3e6937b4FE6EF0f23CcD6bB3b9,0.00009
0xc6C0C0f54a394931a5b224c8b53406633e35eeE7,0xFCAc249B100E4783DC5719d7b8c987cC95863e12,0.00004
0xc6C0C0f54a394931a5b224c8b53406633e35eeE7,0x4fCFD72225Df63d2939Eb496CB67B7819267BE85,0.00005
0xc6C0C0f54a394931a5b224c8b53406633e35eeE7,0x6E289ba80B3D8171F41530e5C7Fd774787ba0c69,0.0001
0xc6C0C0f54a394931a5b224c8b53406633e35eeE7,0x21Ed3512D0F2A44a21Be478C123B1B04518010dC,0.00002
0xc6C0C0f54a394931a5b224c8b53406633e35eeE7,0x88e4E9D317CB37365b2Efd489467473196e87C27,0.00003
0xc6C0C0f54a394931a5b224c8b53406633e35eeE7,0xB156E6539063a6f036ba2D4F6A0E5e5991d55DB6,0.00007
0xc6C0C0f54a394931a5b224c8b53406633e35eeE7,0xc3805Cf152B40Fd7b5763B970e1307408dB068B9,0.00001
0xc6C0C0f54a394931a5b224c8b53406633e35eeE7,0xD7239b326CAA997239a30b0Aa12B3F1Ee7e1f493,0.00005
0xc6C0C0f54a394931a5b224c8b53406633e35eeE7,0x4B8079E59634A8f79D378606895ec7af7c490F2C,0.00008
0xc6C0C0f54a394931a5b224c8b53406633e35eeE7,0x49ac9381686eA9Dc29baad83b63396c51BE52229,0.00008
0xc6C0C0f54a394931a5b224c8b53406633e35eeE7,0xd956fBfe1ed66Ea6af42847dFB456D513b394c03,0.00004
0xc6C0C0f54a394931a5b224c8b53406633e35eeE7,0xB855F44405e4a205055F2732923224FdE0991728,0.0001
0xc6C0C0f54a394931a5b224c8b53406633e35eeE7,0x85e12154F281cEe87F88ce27F2e9709215ab1981,0.00005
0xc6C0C0f54a394931a5b224c8b53406633e35eeE7,0x3Cb198636bF41c43195bb0C1b1fD1cb93f730f2D,0.00003
0xc6C0C0f54a394931a5b224c8b53406633e35eeE7,0xD52e016cEe274363f47E0114b5908c9F44bb4537,0.00007
0xc6C0C0f54a394931a5b224c8b53406633e35eeE7,0xc796b6FA3763991B7a2D13587dBB5362A75dA4D6,0.00001
0xc6C0C0f54a394931a5b224c8b53406633e35eeE7,0xAEf4291377cF17977141257C5dd2704266458a6b,0.00007
0xc6C0C0f54a394931a5b224c8b53406633e35eeE7,0x76eE2344a19c64dD4a9aeFa909c11a8c9ce1655A,0.00002
0xc6C0C0f54a394931a5b224c8b53406633e35eeE7,0x54451aC92F0705f1e59e23BA2645Ed25135a1e19,0.00003
0xc6C0C0f54a394931a5b224c8b53406633e35eeE7,0xb0801Bdb51977886432a3De5c618c0E34d1434B1,0.00003
0xc6C0C0f54a394931a5b224c8b53406633e35eeE7,0x760b58F3d95624C67313f951C7fa8838651C86A6,0.00003
0xc6C0C0f54a394931a5b224c8b53406633e35eeE7,0xA6D85C567613e6A46cac87cD6E83A938C0232008,0.00009
0xc6C0C0f54a394931a5b224c8b53406633e35eeE7,0xD126Ba60BD1e77dA0D67a230A3C91FF03E9F6676,0.00006
0xc6C0C0f54a394931a5b224c8b53406633e35eeE7,0xd42AA803b9DFd5B0cC1fE516391043fcC4c3971f,0.00004
0xc6C0C0f54a394931a5b224c8b53406633e35eeE7,0x7AD99e69b02e952bC3228219C094839a39200ca8,0.00008
0xc6C0C0f54a394931a5b224c8b53406633e35eeE7,0x2152C2A15aF15DE20950bA888Da0a434B22CFd50,0.00008
0xc6C0C0f54a394931a5b224c8b53406633e35eeE7,0xd23827626712F54cDda5B3135218862F2138fcde,0.00008
0xc6C0C0f54a394931a5b224c8b53406633e35eeE7,0x63d813d19855995aC88F6b35BDdC8420b0EE53E2,0.00007
0xc6C0C0f54a394931a5b224c8b53406633e35eeE7,0xd81EA28f888032d9c70777D1Ba5f51C967E886b6,0.00003
0xc6C0C0f54a394931a5b224c8b53406633e35eeE7,0xA56556fCCC63c447750Cf8Fa0eaC075C872B80b2,0.00004
0xc6C0C0f54a394931a5b224c8b53406633e35eeE7,0xFF8e158ee47d1Ab202A35ad89E573e58fdD5e0d0,0.00002
0xc6C0C0f54a394931a5b224c8b53406633e35eeE7,0xF8FD480Bc6025deBCa5648583cE270821114B859,0.00006
0xc6C0C0f54a394931a5b224c8b53406633e35eeE7,0x5402FCB9B86E8A8B612021B5E8BDBDd108B5B0B8,0.00009
0xc6C0C0f54a394931a5b224c8b53406633e35eeE7,0x33468E962267353aB3B8aF71E0DB5CB7585127f6,0.00002
0xc6C0C0f54a394931a5b224c8b53406633e35eeE7,0xd8182B313Ec63fE90895C311F6775BAfC2733B46,0.0001
0xc6C0C0f54a394931a5b224c8b53406633e35eeE7,0xB9345C36D4b33C0f8536C764647C1b6B12727817,0.00002
0xc6C0C0f54a394931a5b224c8b53406633e35eeE7,0xb48Dc221229d857D1d22CaEC76106D556069D97F,0.0001
0xc6C0C0f54a394931a5b224c8b53406633e35eeE7,0x7B9FfB7648e74c30205676d417A6c989D1e1580c,0.00004
0xc6C0C0f54a394931a5b224c8b53406633e35eeE7,0x1463Edbe57c38CA51BF3514F7Ce193F58BA4d3B2,0.00009
0xc6C0C0f54a394931a5b224c8b53406633e35eeE7,0x4CAecDEa599aA9106ba76281F840B7129aB43D12,0.00006
0xc6C0C0f54a394931a5b224c8b53406633e35eeE7,0xc496D260FbD524C199cF475514722AC531946139,0.00005
0xc6C0C0f54a394931a5b224c8b53406633e35eeE7,0x8E26531078F6416aa362a923B3aCbBeDdb5f4731,0.00009
0xc6C0C0f54a394931a5b224c8b53406633e35eeE7,0x376F4C0EA3b9c322A9f95a5F9dFE3C0Cd1E62857,0.0001
0xc6C0C0f54a394931a5b224c8b53406633e35eeE7,0xBdc4b49e842fda8105d4C3c3a5965563700cc1B5,0.00001
0xc6C0C0f54a394931a5b224c8b53406633e35eeE7,0xf84f040a13e7f9D6a5956f5814a5a969474F7f57,0.0001
0xc6C0C0f54a394931a5b224c8b53406633e35eeE7,0x9DECdF939b24cF910D649a6bc417FbCB545195e0,0.00009
0xc6C0C0f54a394931a5b224c8b53406633e35eeE7,0xf45B01A3890F9bC90A7902A6a12AdF2F65e8d7c9,0.00001
0xc6C0C0f54a394931a5b224c8b53406633e35eeE7,0x7c1FC4fc397714e596d75858Ab7BdB3dCbd8Ef7d,0.00008
0xc6C0C0f54a394931a5b224c8b53406633e35eeE7,0x1c467Ab6ef4451eAe99B1d897acE5FDcef9FA46d,0.00001
0xc6C0C0f54a394931a5b224c8b53406633e35eeE7,0x14b94F67ABD417cF6A2dF1c5F86fBC4fE38aF72e,0.00005
0xc6C0C0f54a394931a5b224c8b53406633e35eeE7,0x4334Eb782F28d39286900b5ACf816dC9710e1aEa,0.00006
0xc6C0C0f54a394931a5b224c8b53406633e35eeE7,0xD1A29331f7CA3b0f6ADBdfaEc7407dE7cF47DdD1,0.00002
0xc6C0C0f54a394931a5b224c8b53406633e35eeE7,0x812C70e5EbAa29185248E1c8795822411b1045b4,0.00002
0xc6C0C0f54a394931a5b224c8b53406633e35eeE7,0xB1292809457b29301dC66987AC6551e08b708C41,0.0001
0xc6C0C0f54a394931a5b224c8b53406633e35eeE7,0xAA6De535B0d35c8e53cF70046a68c06BA4b0efE7,0.00009
0xc6C0C0f54a394931a5b224c8b53406633e35eeE7,0x597cbfb336911936bF0Fc35760d8A36214f92681,0.00003
0xc6C0C0f54a394931a5b224c8b53406633e35eeE7,0xf6371Dbd89875ea90b76E6750953a06Ec6a6B8E9,0.00008
0xc6C0C0f54a394931a5b224c8b53406633e35eeE7,0x4F8F1F90E8f89eA7f7e83f3782FA9693AAED3596,0.00007
0xc6C0C0f54a394931a5b224c8b53406633e35eeE7,0x2c8bc01f14176e25E7a13c997B6f762EF7CAbe73,0.00008
0xc6C0C0f54a394931a5b224c8b53406633e35eeE7,0x7f8bA1a244515aB04A9F75Bff750202fED3f02DC,0.0001
0xc6C0C0f54a394931a5b224c8b53406633e35eeE7,0xEC8F428bF319cB6B7fe3316aEE00b5bA9427Bf11,0.00003
0xc6C0C0f54a394931a5b224c8b53406633e35eeE7,0xD67868DA51832b4d48724eaD6D7C7B3810d1c587,0.00008
0xc6C0C0f54a394931a5b224c8b53406633e35eeE7,0xac0B0F1fe5648C10664ec6928292fb25743ff090,0.00002
0xc6C0C0f54a394931a5b224c8b53406633e35eeE7,0x22Eb0739d77a06Ea025A175A8A78954F00A77D75,0.00003
0xc6C0C0f54a394931a5b224c8b53406633e35eeE7,0x953b5fD0f8802f81653407BFE54105801C66452a,0.00005
0xc6C0C0f54a394931a5b224c8b53406633e35eeE7,0x95D47E2Bd365d4352b6105809A21220364F16C84,0.00009
0xc6C0C0f54a394931a5b224c8b53406633e35eeE7,0x3ED00542826649CC6AE835eC1dbAC3EC2120bD02,0.00006
0xc6C0C0f54a394931a5b224c8b53406633e35eeE7,0xF32195baF1281eb60eCfBDEe9ba817bac851e382,0.00007
0xc6C0C0f54a394931a5b224c8b53406633e35eeE7,0x82D3e3b6F6165EF6cCD415516dE2B29DeaE12712,0.00007
0xc6C0C0f54a394931a5b224c8b53406633e35eeE7,0x21bBDF41a0D1ee4CEf9468C3e62Afa440Fdf904D,0.0001
0xc6C0C0f54a394931a5b224c8b53406633e35eeE7,0xA090279fFeB010A49b1D18849eb2053a74d06Fe3,0.00001
0xc6C0C0f54a394931a5b224c8b53406633e35eeE7,0xEb98f77C7Cbc9Ac91334F038DaB3a79241818bF1,0.0001
0xc6C0C0f54a394931a5b224c8b53406633e35eeE7,0x7F755d7E0a5eB978998a9E5C1c444ffb835a55E5,0.00005
0xc6C0C0f54a394931a5b224c8b53406633e35eeE7,0x772EfE81C674942372e995FA65Ef8a66d93a0397,0.00001
0xc6C0C0f54a394931a5b224c8b53406633e35eeE7,0x705c50EcE410068C7E5C72Ca1b8e6e8F3b27f47a,0.00009
0xc6C0C0f54a394931a5b224c8b53406633e35eeE7,0x6f3004Ace715936de48cBa40fd2a4894aF749684,0.00007
0xc6C0C0f54a394931a5b224c8b53406633e35eeE7,0xA197111448c884beCDAf47c8E0A884A13d1917b0,0.0001
0xc6C0C0f54a394931a5b224c8b53406633e35eeE7,0x0CaB9318802464B0bb22536F969d4996C9EA4807,0.00003
0xc6C0C0f54a394931a5b224c8b53406633e35eeE7,0xd9663f90924d7E1395EFd39CCd2b6aBe1605B7b3,0.00007
0xc6C0C0f54a394931a5b224c8b53406633e35eeE7,0xbAa6285b2EE4AC253A46630d96D3FE3d658dCbDc,0.00005
0xc6C0C0f54a394931a5b224c8b53406633e35eeE7,0xbb871287Bc734a21BD0F275975C6C9d5cfa4cBC5,0.00008
0xc6C0C0f54a394931a5b224c8b53406633e35eeE7,0x5057ddA16c2fDC6eC48cA3D0EeEdeD2cB461f8e2,0.00003
0xc6C0C0f54a394931a5b224c8b53406633e35eeE7,0xC358D5773EC013A597CC2d50EE4947BE84a80314,0.00001
0xc6C0C0f54a394931a5b224c8b53406633e35eeE7,0x371c123a75FE393105d858b24959e81656A7691C,0.00008
0xc6C0C0f54a394931a5b224c8b53406633e35eeE7,0x3E1923f0dB3052f79Bd325AfaBb7fc63D4330be8,0.00003
0xc6C0C0f54a394931a5b224c8b53406633e35eeE7,0x6A0b9Ed6aBE34025cC5b0f2775ab8bcAc7De57Ae,0.0001
0xc6C0C0f54a394931a5b224c8b53406633e35eeE7,0x63E57BA553BDef35D672113654d377AED021453E,0.00007
0xc6C0C0f54a394931a5b224c8b53406633e35eeE7,0xe33600EdbB38DdF79C52A20Dd77e95052a918F19,0.00005
0xc6C0C0f54a394931a5b224c8b53406633e35eeE7,0x2b56aD3553D3278D76cfc4CA0e9E791B1e58d796,0.00009
0xc6C0C0f54a394931a5b224c8b53406633e35eeE7,0x0FcF426FeC3640Fb08363d39e56015cAEF44171b,0.00001
0xc6C0C0f54a394931a5b224c8b53406633e35eeE7,0x5EDE549d7224aA46985ECCbab1fC45fdd87E374a,0.00006
0xc6C0C0f54a394931a5b224c8b53406633e35eeE7,0xf59421E9B2B3e3eb2C87592A26659B7ac801aFF5,0.00001
0xc6C0C0f54a394931a5b224c8b53406633e35eeE7,0x7b8d5F501802ce5480d7c59e092F284A93DEB6f3,0.00004
0xc6C0C0f54a394931a5b224c8b53406633e35eeE7,0x5b40692E9f273E10b3EfE79F0850a73387c08AaF,0.00009
0xc6C0C0f54a394931a5b224c8b53406633e35eeE7,0xc74496668e65906c4c5138CbB61f6CE8eED0038B,0.00005
0xc6C0C0f54a394931a5b224c8b53406633e35eeE7,0xF10298e9C822A6C4FEBEB10341aBFcF2e4426859,0.00006
0xc6C0C0f54a394931a5b224c8b53406633e35eeE7,0x8876641023D453EA996ab0D13EE47384F828Be93,0.00004
0xc6C0C0f54a394931a5b224c8b53406633e35eeE7,0xdb06b9Df99A30b50D021AdD02E93371330f0e250,0.00001
0xc6C0C0f54a394931a5b224c8b53406633e35eeE7,0xE6deAEa2A39ff4440e2EdAC81C8fcEFa177d63A8,0.00005
0xc6C0C0f54a394931a5b224c8b53406633e35eeE7,0x50d89D310E1ec16e8895dbb540F607C06201B086,0.00005
0xc6C0C0f54a394931a5b224c8b53406633e35eeE7,0x9CB834ff0B49b3ed51eFCC24c2A8fD2E9035A028,0.00008
0xc6C0C0f54a394931a5b224c8b53406633e35eeE7,0x9Cd3ac49036684554a64ec7f7be0f24AA1E4E219,0.00006
0xc6C0C0f54a394931a5b224c8b53406633e35eeE7,0x22999E595dBFD02FE02378C8e7063ED7D20Ca07c,0.00003
0xc6C0C0f54a394931a5b224c8b53406633e35eeE7,0xcdDc1490CaB526253bE9BC49aEF69758335B416e,0.00004
0xc6C0C0f54a394931a5b224c8b53406633e35eeE7,0x738f42376eb0C7c757014b1cC534C120165B7d5F,0.00004
0xc6C0C0f54a394931a5b224c8b53406633e35eeE7,0x565c50EAcFA8faAe122df20856ce8603f74A3363,0.00006
0xc6C0C0f54a394931a5b224c8b53406633e35eeE7,0xf60A40cC42A1116Ec3714006bde558C94FEc06C0,0.00005
0xc6C0C0f54a394931a5b224c8b53406633e35eeE7,0x32493C5ECec2534c500931CAC0B3cE1DA421EB79,0.00002
0xc6C0C0f54a394931a5b224c8b53406633e35eeE7,0xD08B3822A0d0A6b3fC18333869c9AcAa7ec8cE48,0.00004
0xc6C0C0f54a394931a5b224c8b53406633e35eeE7,0x4e5F4D1DA96e508C1E62B988036fFB9686DdB7d0,0.00006
0xc6C0C0f54a394931a5b224c8b53406633e35eeE7,0x622ed083CEc01a3536F6e8c24d15F81D944bb671,0.00008
0xc6C0C0f54a394931a5b224c8b53406633e35eeE7,0xf8457168565570a84CaB41905cd451004790F929,0.00006
0xc6C0C0f54a394931a5b224c8b53406633e35eeE7,0x26F39530b4e3898B34bd6651447b786b46FEadbA,0.00009
0xc6C0C0f54a394931a5b224c8b53406633e35eeE7,0xaf7C388909276c32CE359D6A499DE3788Eabc93C,0.00008
0xc6C0C0f54a394931a5b224c8b53406633e35eeE7,0x0854984179f85fE52D870edE79EdF9Cf1443D3D0,0.00001
0xc6C0C0f54a394931a5b224c8b53406633e35eeE7,0x1CdC30D436380d0FD12E9feee49a6fDa0bEc3449,0.00005
0xc6C0C0f54a394931a5b224c8b53406633e35eeE7,0x54E96E4A53E112AE2D328217B0d79E509574D3A8,0.00008
0xc6C0C0f54a394931a5b224c8b53406633e35eeE7,0x681A9E81F597E6eE8f38eeef3e4BC91D943316C8,0.00003
0xc6C0C0f54a394931a5b224c8b53406633e35eeE7,0x04c34264e5b602dBa426FFf302Cc24a3457592d8,0.00004
0xc6C0C0f54a394931a5b224c8b53406633e35eeE7,0x712318F0AA4558578C029982780E55444e446D46,0.00009
0xc6C0C0f54a394931a5b224c8b53406633e35eeE7,0x2D850a711Ae132B31ab4Aa6747a132B30FbD8671,0.0001
0xc6C0C0f54a394931a5b224c8b53406633e35eeE7,0xA8D83fE795DE217ee687C2651dAFA3d6Cc7bA519,0.00002
0xc6C0C0f54a394931a5b224c8b53406633e35eeE7,0x1db7754841B74C8ce4b968bAD0b8D22516089Dd1,0.0001
0xc6C0C0f54a394931a5b224c8b53406633e35eeE7,0xAA6B1645E96b95cc76A501C99225173b99067e54,0.00009
0xc6C0C0f54a394931a5b224c8b53406633e35eeE7,0xEeA25DC116eDd82609F81C5f4Ed76bB94D4bE7f9,0.00001
0xc6C0C0f54a394931a5b224c8b53406633e35eeE7,0xda8A7Fd0517BbD546A21d19d6F3460D883ee8B6F,0.0001
0xc6C0C0f54a394931a5b224c8b53406633e35eeE7,0x2388Ab39434cbeF8dc88d79dB7c0780f7903cb0C,0.00001
0xc6C0C0f54a394931a5b224c8b53406633e35eeE7,0x5Dc36bdBF3dB8C6e849A9Ef1325594D02C91FAAd,0.00003
0xc6C0C0f54a394931a5b224c8b53406633e35eeE7,0x2ebF2F65B589e7Ee29e2F76a8dfeb68Db5a7c4ab,0.00009
0xc6C0C0f54a394931a5b224c8b53406633e35eeE7,0x12Ad7bB5aB91DF771F2891966154a0d66D6671da,0.00003
0xc6C0C0f54a394931a5b224c8b53406633e35eeE7,0xE56af0C4078282e414D91049BF69feBFfC4D7e46,0.00009
0xc6C0C0f54a394931a5b224c8b53406633e35eeE7,0x88B04bfF136b2A20B9080C700c8e86A3fE408f5E,0.00009
0xc6C0C0f54a394931a5b224c8b53406633e35eeE7,0xCae46216589C2D410259e54e776Bc2e7Fd2f5A82,0.00008
0xc6C0C0f54a394931a5b224c8b53406633e35eeE7,0xcE06Cf7fb851D7c3D4b94532b1419D8044cBfA2f,0.00008
0xc6C0C0f54a394931a5b224c8b53406633e35eeE7,0xC85e2A6953a6F421Ce03dec065C668389EfB7AB2,0.00002
0xc6C0C0f54a394931a5b224c8b53406633e35eeE7,0xCb0220D352ef70E3EC22c98B333EbB1716351cE8,0.00007
0xc6C0C0f54a394931a5b224c8b53406633e35eeE7,0x8a4a8474e2F8F6e28EE5E9D87294dE313f8B3DE2,0.00005
0xc6C0C0f54a394931a5b224c8b53406633e35eeE7,0x4DfD62FB319FBE02754717B3b16C3180b775681A,0.0001
0xc6C0C0f54a394931a5b224c8b53406633e35eeE7,0x123fDdf6bcb09e8996f8B70681f61577A2725bbC,0.00002
0xc6C0C0f54a394931a5b224c8b53406633e35eeE7,0x7B20A21c0cd538d4AC4e933Ce4dAcf9fE88e8229,0.00004
0xc6C0C0f54a394931a5b224c8b53406633e35eeE7,0x8f3bc48A2543dA032Ad2AF73400F8724614f83A2,0.0001
0xc6C0C0f54a394931a5b224c8b53406633e35eeE7,0x0B5D17469E625722537B4302Af81793B34522251,0.00007
0xc6C0C0f54a394931a5b224c8b53406633e35eeE7,0xB359D254CffF7C994e1c9f4e0aDbCb389aD7f437,0.00006
0xc6C0C0f54a394931a5b224c8b53406633e35eeE7,0xb78f07Ae858D5Bb0e05482D65201C8d1cf84224C,0.00006
0xc6C0C0f54a394931a5b224c8b53406633e35eeE7,0x78fC4AE2d2fd211dDCeA2A0c29374d53d5989A06,0.00004
0xc6C0C0f54a394931a5b224c8b53406633e35eeE7,0x73559989CFE5eaF342DCe3816E0d5372852F4119,0.00002
0xc6C0C0f54a394931a5b224c8b53406633e35eeE7,0x81d8f9AdF126c908f3d0A15cD971e0cb70255Ed4,0.00003
0xc6C0C0f54a394931a5b224c8b53406633e35eeE7,0x7b4ddFbe2f5A4Da3A5c10405176dA90DBda7F42f,0.00006
0xc6C0C0f54a394931a5b224c8b53406633e35eeE7,0xABbaa0F4594c28cc6d8066c83fe9a378727083D2,0.00007
0xc6C0C0f54a394931a5b224c8b53406633e35eeE7,0xC07221Cb8414Ef99b9DDa9cF140CFE8F8Fcd1A63,0.00003
0xc6C0C0f54a394931a5b224c8b53406633e35eeE7,0x18A3E512658812669e78Cb5B68deC1ad00838168,0.00008
0xc6C0C0f54a394931a5b224c8b53406633e35eeE7,0xe8ACe709786dB2eE98381F8Eadf7c022182944a8,0.00004
0xc6C0C0f54a394931a5b224c8b53406633e35eeE7,0x3D84634a6FC41f1e94D834aB91D7cf66d0766c43,0.00002
0xc6C0C0f54a394931a5b224c8b53406633e35eeE7,0x411fcB175FDB5013AC58F384C6e2bbF98BD03DAE,0.00007
0xc6C0C0f54a394931a5b224c8b53406633e35eeE7,0x4258C1Af08076FcDC99cE5608305d7dC33fB7615,0.00005
0xc6C0C0f54a394931a5b224c8b53406633e35eeE7,0x83b02527589d4eEc112F4bFB5ad62AD3EC51bA75,0.00001
0xc6C0C0f54a394931a5b224c8b53406633e35eeE7,0x7bf319f51d6212D2aD1E787996dd551835532CB4,0.00002
0xc6C0C0f54a394931a5b224c8b53406633e35eeE7,0xff169254A329BaAfE89f02Fa7C2cBD4E2F4Eae6c,0.0001
0xc6C0C0f54a394931a5b224c8b53406633e35eeE7,0x97250F9b357beaeFf46602177D656b558bfda603,0.00005
0xc6C0C0f54a394931a5b224c8b53406633e35eeE7,0x6e03632eC804f29605D00260947F868347A28213,0.00002
0xc6C0C0f54a394931a5b224c8b53406633e35eeE7,0x52A7ae7e8a32fB2d1A50681c4A72b221d761B05B,0.00007
0xc6C0C0f54a394931a5b224c8b53406633e35eeE7,0x29728CdDd0B7B7EE999D4622c7d68D938A9238B1,0.00008
0xc6C0C0f54a394931a5b224c8b53406633e35eeE7,0x72f185D689f5827AB3C17DDc12AcC5427F96A738,0.00008
0xc6C0C0f54a394931a5b224c8b53406633e35eeE7,0x1AeEEdd42CD43BA90ee42f532a8f822CA76A19bb,0.00008
0xc6C0C0f54a394931a5b224c8b53406633e35eeE7,0xd384720095D6BE8931a5bfbE22FE673731077446,0.00005
0xc6C0C0f54a394931a5b224c8b53406633e35eeE7,0x65b4059c5617eDDEC30E0E91b97D511e1D7D239D,0.00008
0xc6C0C0f54a394931a5b224c8b53406633e35eeE7,0x6Bdc57C6388f48ABbAE81152086c32E48feAe8b2,0.00005
0xc6C0C0f54a394931a5b224c8b53406633e35eeE7,0x5f76F913738B773406849336C7C41c9edA372B3E,0.00002
0xc6C0C0f54a394931a5b224c8b53406633e35eeE7,0x71F0C03dD524A7a07Ad83E3658078baa02116bF0,0.00007
0xc6C0C0f54a394931a5b224c8b53406633e35eeE7,0xE42c2162cce064588565360dD027aF7A1794745a,0.00001
0xc6C0C0f54a394931a5b224c8b53406633e35eeE7,0x95cD98876CB88aA9d381117Cd9Fd62851111213e,0.0001
0xc6C0C0f54a394931a5b224c8b53406633e35eeE7,0x6cE27A31b2276b8f0A234980A0130D1849f52D34,0.00009
0xc6C0C0f54a394931a5b224c8b53406633e35eeE7,0xAFCC5f1f4EA5577eFf472EBace68EdfA9Cf5A63b,0.00009
0xc6C0C0f54a394931a5b224c8b53406633e35eeE7,0x6347DF8BDE8a3DD95a599f82395d12C0137D3E10,0.0001
0xc6C0C0f54a394931a5b224c8b53406633e35eeE7,0xe0f71Ebf85cc660693f12cC57293761B850878de,0.00003
0xc6C0C0f54a394931a5b224c8b53406633e35eeE7,0x8216216526B7D15d0775B84B30A12e2a6d18B19d,0.00005
0xc6C0C0f54a394931a5b224c8b53406633e35eeE7,0x40d611488Cef891bf7F3fE3dFc8A47898e838f25,0.00003
0xc6C0C0f54a394931a5b224c8b53406633e35eeE7,0xDc93C555Bb3A55604C8DA4F3D25f679904F56041,0.00008
0xc6C0C0f54a394931a5b224c8b53406633e35eeE7,0xEe251eFd5C9283667499A7e713fb223d248fDd88,0.00007
0xc6C0C0f54a394931a5b224c8b53406633e35eeE7,0x586D8eAfFC0BD41973F5a06C7875ef47A9Dc3bE0,0.00002
0xc6C0C0f54a394931a5b224c8b53406633e35eeE7,0x304638FCFEff25Fd05886f3283De1C6d139ED7D0,0.0001
0xc6C0C0f54a394931a5b224c8b53406633e35eeE7,0x0B9fa1E8Ecf62564A7a121317Ed080D9F1b6CDb0,0.00004
0xc6C0C0f54a394931a5b224c8b53406633e35eeE7,0xB17026D95DfA5a129F11b7FCa2de521CDe9DAf9b,0.00002
0xc6C0C0f54a394931a5b224c8b53406633e35eeE7,0x4222D0D0d1737717af98EfA7588Af0D89B51D7f7,0.00006
0xc6C0C0f54a394931a5b224c8b53406633e35eeE7,0x9bbAb6Ad7604A3A4eC5e6a5ab53a85905e24954a,0.00006
0xc6C0C0f54a394931a5b224c8b53406633e35eeE7,0x392Bd7C5eDC8a44006FD24146f4C940fA9F4Ce70,0.00008
0xc6C0C0f54a394931a5b224c8b53406633e35eeE7,0xFBF25af920422e783F590DFb31928e6F1d6fdbF3,0.00006
0xc6C0C0f54a394931a5b224c8b53406633e35eeE7,0xEf0c2DD45A68DDA9d6717dfe04824f27456D6D38,0.00004
0xc6C0C0f54a394931a5b224c8b53406633e35eeE7,0x021e5C9821eea8Ac279eBc74d7E7e8C706DCEBb7,0.00001
0xc6C0C0f54a394931a5b224c8b53406633e35eeE7,0x7d39Eb7F2a06514bB94c74f26c6da8f23CA5dd35,0.00003
0xc6C0C0f54a394931a5b224c8b53406633e35eeE7,0xeDdB9E22c907685b927c5E3748E83B5132d4ed9c,0.00002
0xc6C0C0f54a394931a5b224c8b53406633e35eeE7,0x136A664Eb58915283Ec949279CDB2A74B59110BA,0.00009
0xc6C0C0f54a394931a5b224c8b53406633e35eeE7,0xE146ea8514d0042a638C8126E33daA14F976FD49,0.00002
0xc6C0C0f54a394931a5b224c8b53406633e35eeE7,0x736f1AC4d62b0b977495254E6806AF95D1F546ee,0.00001
0xc6C0C0f54a394931a5b224c8b53406633e35eeE7,0xE4Ca4Fe7d22322131d44020CeBf29C0a91A04bCA,0.00001
0xc6C0C0f54a394931a5b224c8b53406633e35eeE7,0x65d6411373c86D5583D61CCC3aFcE28F06aC3Fd0,0.00006
0xc6C0C0f54a394931a5b224c8b53406633e35eeE7,0xB9EBa4B1609ee7Dd4Dc323ee3dBDcA87d93d0890,0.00007
0xc6C0C0f54a394931a5b224c8b53406633e35eeE7,0xEA151E8BAD738b84498f2894B9077A09C3fb552d,0.00003
0xc6C0C0f54a394931a5b224c8b53406633e35eeE7,0xDb4adf30B73BDFaBcE66F9c4cF7020DcECc9fD7f,0.00004
0xc6C0C0f54a394931a5b224c8b53406633e35eeE7,0x02df0039B2701fF61545B28A71A43717b7f86c1d,0.00008
0xc6C0C0f54a394931a5b224c8b53406633e35eeE7,0x628955A25c481e05513D74F8A1Dc5dDd572FA6e6,0.0001
0xc6C0C0f54a394931a5b224c8b53406633e35eeE7,0xb23d5501Dc2beebE72a11d812fA9B116CA8FB77d,0.00004
0xc6C0C0f54a394931a5b224c8b53406633e35eeE7,0x1a43bc8b6F2B242492eC486163339853c7A58d7f,0.00002
0xc6C0C0f54a394931a5b224c8b53406633e35eeE7,0xea964D1e9Df66FCd89fed4FD897016E02e319567,0.00002
0xc6C0C0f54a394931a5b224c8b53406633e35eeE7,0xf00af88F9fCb62110df750503Fe741066aDb962F,0.00008
0xc6C0C0f54a394931a5b224c8b53406633e35eeE7,0xD5b3268545637237c16173f776401E396b2355Bc,0.00002
0xc6C0C0f54a394931a5b224c8b53406633e35eeE7,0xE895EE4689a4363064abd57D16599fc9A8be4ee5,0.00008
0xc6C0C0f54a394931a5b224c8b53406633e35eeE7,0x577BeC640b0C0F9e21A6BeD2842Ae8E511fCa17d,0.00006
0xc6C0C0f54a394931a5b224c8b53406633e35eeE7,0x1272fb13E876b010d1D97389d19fbd6e527B2310,0.00002
0xc6C0C0f54a394931a5b224c8b53406633e35eeE7,0x62Aeaa5B54385a01ADC8D6b034bC15e4790a48B5,0.00002
0xc6C0C0f54a394931a5b224c8b53406633e35eeE7,0x08af321f5e0abF19C0FB6E3F6387Fdb8805ef967,0.00005
0xc6C0C0f54a394931a5b224c8b53406633e35eeE7,0xB24d7B73b13bAbf83e84a13d88E2f78F455a2Ae1,0.00007
0xc6C0C0f54a394931a5b224c8b53406633e35eeE7,0x9e8Cc0705535fED3AF86e006829D07447DB3cE96,0.00005
0xc6C0C0f54a394931a5b224c8b53406633e35eeE7,0xed486227cAE5B034FD88443d5E20e0Faa5490CF1,0.00009
0xc6C0C0f54a394931a5b224c8b53406633e35eeE7,0xe742Ea67cC97Ac8BB4c73B7EFe6163D220C8f660,0.00009
0xc6C0C0f54a394931a5b224c8b53406633e35eeE7,0x84352984Bd87D4F1554a0124434055d6a3805f7E,0.00004
0xc6C0C0f54a394931a5b224c8b53406633e35eeE7,0x96996A0072d23488e1a460016e793D5A8c65f978,0.00006
0xc6C0C0f54a394931a5b224c8b53406633e35eeE7,0x10894B0e5AB1F64744aA31c531A652CF2c42E718,0.00007
0xc6C0C0f54a394931a5b224c8b53406633e35eeE7,0x40c6a3c13aF31324c29165F1da3B113fb2A517ED,0.00001
0xc6C0C0f54a394931a5b224c8b53406633e35eeE7,0x42e6f3084DEF9078158Ec65F6DA8E66595258F2C,0.00006
0xc6C0C0f54a394931a5b224c8b53406633e35eeE7,0x2aac39364a23B316246578aDA32ccCaF54630233,0.00009
0xc6C0C0f54a394931a5b224c8b53406633e35eeE7,0xB1B8BE18d10BDE0EC583eAfB9Bc3a3263d7391bf,0.00007
0xc6C0C0f54a394931a5b224c8b53406633e35eeE7,0x62CC4AA3A00E5f7738153Bcce2c799E586d495ca,0.00005
0xc6C0C0f54a394931a5b224c8b53406633e35eeE7,0x32E71Ac771e6de9b32a3b0BFFD44C33cdf53ec37,0.00002
0xc6C0C0f54a394931a5b224c8b53406633e35eeE7,0xbB3fCbAce99655dDeC7287e25587be0293B40ea6,0.00002
0xc6C0C0f54a394931a5b224c8b53406633e35eeE7,0x57D126597Acf6146D967C479b03CD902cEfDfA7f,0.00004
0xc6C0C0f54a394931a5b224c8b53406633e35eeE7,0xA2B72Bf5C9eA60620e3aEd8bA6B920B68837f806,0.00007
0xc6C0C0f54a394931a5b224c8b53406633e35eeE7,0x6625E206F236cF92b022FD963fD5E7fb0823BE08,0.00009
0xc6C0C0f54a394931a5b224c8b53406633e35eeE7,0xC604bb8C0C06D524cB26ff4976834f9842E02E03,0.00006
0xc6C0C0f54a394931a5b224c8b53406633e35eeE7,0xC2Cd8Afb1Bf6Ca18E7d77870A126C67C6766dD3B,0.00001
0xc6C0C0f54a394931a5b224c8b53406633e35eeE7,0x4c732346e83E2Df4DbE762E9Ee2452586e781f88,0.00006
0xc6C0C0f54a394931a5b224c8b53406633e35eeE7,0xd89C491488b812b085911815ef1b54Bf5129AEf9,0.00008
0xc6C0C0f54a394931a5b224c8b53406633e35eeE7,0x3cF2f415dA7860D81ac0BEF0E6fc5ef035267122,0.00009
0xc6C0C0f54a394931a5b224c8b53406633e35eeE7,0x8bb1f84CE3801D0bc29f73c5B8ddA5C0351fE7db,0.0001
0xc6C0C0f54a394931a5b224c8b53406633e35eeE7,0xa31ccb934259d8695b8bC05f9bB1C158b3A8aEb3,0.00002
0xc6C0C0f54a394931a5b224c8b53406633e35eeE7,0x493C6ca1eEfd7232073CbCAf3b8760215b8F2089,0.00003
0xc6C0C0f54a394931a5b224c8b53406633e35eeE7,0xCdDC111c9F1EbaDCF4dCbcB461A69D2Ea8899D8d,0.00005
0xc6C0C0f54a394931a5b224c8b53406633e35eeE7,0x90aD307A312b41E63fB3aa38375CDcc7AAd024C3,0.00003
0xc6C0C0f54a394931a5b224c8b53406633e35eeE7,0xFFA0B966F672761f22BC8befb5DCbDCaC4F73d72,0.00001
0xc6C0C0f54a394931a5b224c8b53406633e35eeE7,0x0AcE8c4575d8BcBdd47068708084bcd9059697Ae,0.00001
0xc6C0C0f54a394931a5b224c8b53406633e35eeE7,0x83CEFC39fEe97bF0543670CD7cDD60C1862ad111,0.00007
0xc6C0C0f54a394931a5b224c8b53406633e35eeE7,0xD35eE5D1a9147044A8889eC2C3FbD997ca4a6924,0.0001
0xc6C0C0f54a394931a5b224c8b53406633e35eeE7,0x282718d84a448224c5dB3aBCA879B06b0075522b,0.00001
0xc6C0C0f54a394931a5b224c8b53406633e35eeE7,0x4EE591BF1112B19032Fe590440629beBb4e533F1,0.00009
0xc6C0C0f54a394931a5b224c8b53406633e35eeE7,0x2a1a6768d0B47152D6903E590F5a247463A8E2D3,0.00004
0xc6C0C0f54a394931a5b224c8b53406633e35eeE7,0x49191DA37A8d62e3469f2D3AbB717abbf7510403,0.00005
0xc6C0C0f54a394931a5b224c8b53406633e35eeE7,0xDD4Ce2810923518fC70812f1594A4518DAac25CC,0.00001
0xc6C0C0f54a394931a5b224c8b53406633e35eeE7,0x5d6482Eae4892D00Dd67A0aA44E62C02682c6C77,0.00006
0xc6C0C0f54a394931a5b224c8b53406633e35eeE7,0xEF75dAB8923Ee541410b48549a5dAbbd84BFb89a,0.00007
0xc6C0C0f54a394931a5b224c8b53406633e35eeE7,0xA479Aa55d242cbD4D22fa8408dB912732EfD58B0,0.0001
0xc6C0C0f54a394931a5b224c8b53406633e35eeE7,0xfCDf20695D8aF0F60374B5457d2F62aDd92932AE,0.00007
0xc6C0C0f54a394931a5b224c8b53406633e35eeE7,0x532f80a34620D2f41681A5f69b3b241C9395cA82,0.00003
0xc6C0C0f54a394931a5b224c8b53406633e35eeE7,0x4dA9863E50004c260265ecA5A5f0F92219CdfC5D,0.00007
0xc6C0C0f54a394931a5b224c8b53406633e35eeE7,0x8d9A2163B47d8360e4dAaaA1F150ae9F730aAcee,0.00006
0xc6C0C0f54a394931a5b224c8b53406633e35eeE7,0xf20bF78d52FEC5F183e2b52A87A20dbBc4794500,0.00003
0xc6C0C0f54a394931a5b224c8b53406633e35eeE7,0x3DdC01817e611a93db8B32E4A89FF2dA1f52153C,0.00004
0xc6C0C0f54a394931a5b224c8b53406633e35eeE7,0x704E6E0Cd02D8c30BbB7a98B945247dFCbD4A69A,0.00006
0xc6C0C0f54a394931a5b224c8b53406633e35eeE7,0x48C779E8a10514803fDbe2a7870A52Ae1b1d1192,0.00009
0xc6C0C0f54a394931a5b224c8b53406633e35eeE7,0xCC46305879bC2C8Acde1E48dDEA4A69d79e201A0,0.00001
0xc6C0C0f54a394931a5b224c8b53406633e35eeE7,0x317Dad624D94beaee9a0Fe5ec51E80502cC317Df,0.0001
0xc6C0C0f54a394931a5b224c8b53406633e35eeE7,0x0D6f5f673e34D65634c8F77d89225Fd1179cCc14,0.00005
0xc6C0C0f54a394931a5b224c8b53406633e35eeE7,0x30586719B40F371bdE0f89392aCB726Cd19D224E,0.00004
0xc6C0C0f54a394931a5b224c8b53406633e35eeE7,0xdaB53C8D7F6d5Aea2fc1b004FD584D6B9A9386EA,0.00001
0xc6C0C0f54a394931a5b224c8b53406633e35eeE7,0xBBA90693BA43a8BE5164414c4493fb70DA05FA11,0.00006
0xc6C0C0f54a394931a5b224c8b53406633e35eeE7,0x0FF0e82B077cBecF57a5F1ec0432Ed4A2b65A037,0.00004
0xc6C0C0f54a394931a5b224c8b53406633e35eeE7,0xD8a0702269673899882CF407257594Fe6068025f,0.00004
0xc6C0C0f54a394931a5b224c8b53406633e35eeE7,0x248F52C4B4F676BBcEb49c86f1B24A7cC2c17549,0.00003
0xc6C0C0f54a394931a5b224c8b53406633e35eeE7,0x1D9b7b92F095DDF884df6F5c42f28c680F7951eb,0.00006
0xc6C0C0f54a394931a5b224c8b53406633e35eeE7,0x64A61Dddc7ea41Ea72C9C14a968Cf26C15332CFD,0.00004
0xc6C0C0f54a394931a5b224c8b53406633e35eeE7,0x798Fe2E7E5Eb2Cc8a1BEDDd80E9933A4A820Ed36,0.00008
0xc6C0C0f54a394931a5b224c8b53406633e35eeE7,0x6A9948C61696fdb899c76ac399d82bF26C4c3a10,0.00009
0xc6C0C0f54a394931a5b224c8b53406633e35eeE7,0xc39526766C2632B196E98c5a2DA6503C1F51DbC4,0.00002
0xc6C0C0f54a394931a5b224c8b53406633e35eeE7,0x92c7CFCa37c821cca642713e346c436F06ce1D8C,0.00007
0xc6C0C0f54a394931a5b224c8b53406633e35eeE7,0x04757420F4aD857B82d862Bf05A86D34f05aeF37,0.00001
0xc6C0C0f54a394931a5b224c8b53406633e35eeE7,0x5b60Fe83E500043Da693E2271D873F01D5C927E2,0.00002
0xc6C0C0f54a394931a5b224c8b53406633e35eeE7,0xb54F401338317296f00cd5120C02fe1335D79313,0.0001
0xc6C0C0f54a394931a5b224c8b53406633e35eeE7,0x19e72bE1c9D2341337EB6C9b58678E0a9615f76d,0.00007
0xc6C0C0f54a394931a5b224c8b53406633e35eeE7,0xC86bAfA933d65f687C291E32A663029eF0e54660,0.00008
0xc6C0C0f54a394931a5b224c8b53406633e35eeE7,0xf8d46CDf36f85ddF56B0a2923fF86D755540d28e,0.00002
0xc6C0C0f54a394931a5b224c8b53406633e35eeE7,0x8D75a727EBE51ECC62011Ca94c95FE1e011E323E,0.00005
0xc6C0C0f54a394931a5b224c8b53406633e35eeE7,0x80c622eCb45259142e89FDC48eaA6BAEabc14608,0.0001
0xc6C0C0f54a394931a5b224c8b53406633e35eeE7,0xFE4C0A5cBfe33cbD4d861FeB89927588bD9013Ea,0.00002
0xc6C0C0f54a394931a5b224c8b53406633e35eeE7,0x33EE115d4BD9c59dAe3908A291b1700245Bf4379,0.00001
0xc6C0C0f54a394931a5b224c8b53406633e35eeE7,0xBc2D4db27aF517C2A25ce81b45dfEFA44Dfd2781,0.00007
0xc6C0C0f54a394931a5b224c8b53406633e35eeE7,0x2928620eD5697fC8EF44C621925Fbdec8f10E8E7,0.00006
0xc6C0C0f54a394931a5b224c8b53406633e35eeE7,0xEFaE8d1a7E8Fc3d7A679012bfCDdaf9bB557a538,0.0001
0xc6C0C0f54a394931a5b224c8b53406633e35eeE7,0x78ec39fffc3ebDF994DF61B6F7368193F0621E05,0.00008
0xc6C0C0f54a394931a5b224c8b53406633e35eeE7,0xCE931875AfA2Ff894954B3336E547cA78BAc947e,0.00006
0xc6C0C0f54a394931a5b224c8b53406633e35eeE7,0x33593f34a0115BB4822cE481C2146999Fd907417,0.0001
0xc6C0C0f54a394931a5b224c8b53406633e35eeE7,0x24f76895e9D1C13D0207Dd258E5d79Be69C514C4,0.00003
0xc6C0C0f54a394931a5b224c8b53406633e35eeE7,0xDB886aB211b2D528A7f1fCF8566F2c63be0aF3a3,0.00006
0xc6C0C0f54a394931a5b224c8b53406633e35eeE7,0x8f4aA1C7F090fEC10b0432dc186a17b2a7cdc340,0.00003
0xc6C0C0f54a394931a5b224c8b53406633e35eeE7,0xb73B9397Fb3A27fA24eb20f06B6E60BB0197d096,0.00007
0xc6C0C0f54a394931a5b224c8b53406633e35eeE7,0xA97bd83A579C37986FAB8896054A3A22E76BB066,0.00004
0xc6C0C0f54a394931a5b224c8b53406633e35eeE7,0x5177D766EE5Af791B77A10F163Dc5b3D6dCe3Dbe,0.00009
0xc6C0C0f54a394931a5b224c8b53406633e35eeE7,0xf05b45575143E6f18125E3bF56d863FF75ca5cf7,0.00001
0xc6C0C0f54a394931a5b224c8b53406633e35eeE7,0x1f937EF968fb97dF1225fA9aC8c43EE925Bd24c2,0.00005
0xc6C0C0f54a394931a5b224c8b53406633e35eeE7,0x08E97735F8fB42cfb05Bd7540652F9737B212115,0.00001
0xc6C0C0f54a394931a5b224c8b53406633e35eeE7,0xCD693e093ec9963239539409E3D1f341441e44F0,0.0001
0xc6C0C0f54a394931a5b224c8b53406633e35eeE7,0xdBEe45103F9BcFF463abD6A88bE4DDa5D8f888DF,0.00004
0xc6C0C0f54a394931a5b224c8b53406633e35eeE7,0x507Fd83373538abe7661a2Ef4bcAE42994326656,0.00003
0xc6C0C0f54a394931a5b224c8b53406633e35eeE7,0xba95f2D0e07DDaE048857F3537339A5e25164E31,0.00005
0xc6C0C0f54a394931a5b224c8b53406633e35eeE7,0xbc1f09d6708cC45e0916C1d89F63e6d0eD25a673,0.00001
0xc6C0C0f54a394931a5b224c8b53406633e35eeE7,0xC14c53BA979d8ef607BfDBD88a97453cc11e21a5,0.00005
0xc6C0C0f54a394931a5b224c8b53406633e35eeE7,0xaC5AeC0D659ac3Aea0c02A3CbE0DDD5ffB4074F6,0.00006
0xc6C0C0f54a394931a5b224c8b53406633e35eeE7,0x5824aC8e61f1d2cA4439D5E2287D8Aa494728AAe,0.00004
0xc6C0C0f54a394931a5b224c8b53406633e35eeE7,0x352A507e85Ce48292e64FfDCe52d2Dc92F537937,0.00002
0xc6C0C0f54a394931a5b224c8b53406633e35eeE7,0x3DE761f1F4925271dD17594422db6a901A430C3c,0.00004
0xc6C0C0f54a394931a5b224c8b53406633e35eeE7,0xAe55bdB5cE33E29f549fD3Cb41f7915b1BFA2834,0.00007
0xc6C0C0f54a394931a5b224c8b53406633e35eeE7,0xBC0713ED0D4337549D0fb2367346F7b588Ec9239,0.00009
0xc6C0C0f54a394931a5b224c8b53406633e35eeE7,0x4E69c673B978163E7DCbC02ADD60aa650F1130F0,0.0001
0xc6C0C0f54a394931a5b224c8b53406633e35eeE7,0x7A6f52F7eBB5A9F31c2fBd763f2821d5263e3EB0,0.00003
0xc6C0C0f54a394931a5b224c8b53406633e35eeE7,0xDfB6F41A1e7D08e0bc7Dc8f55D878933e6857C57,0.00005
0xc6C0C0f54a394931a5b224c8b53406633e35eeE7,0x4c40537DfB004Ce135E33599c923e0316Ba3F7D1,0.00009
0xc6C0C0f54a394931a5b224c8b53406633e35eeE7,0xd7d1ea9A0938c75dC2bb9Ea0c4588Ece014dB2e9,0.00003
0xc6C0C0f54a394931a5b224c8b53406633e35eeE7,0xF0f3fb308f70879F4252Dce61f928bd0919C120D,0.00002
0xc6C0C0f54a394931a5b224c8b53406633e35eeE7,0xBA05c20f89875F2853e5Ef1a3686a8df740F2dDD,0.00001
0xc6C0C0f54a394931a5b224c8b53406633e35eeE7,0xa1Ef28a3Ba7Af631d53AC85eccf44b53d3D51c4b,0.00006
0xc6C0C0f54a394931a5b224c8b53406633e35eeE7,0xd1aA9b81af729541614C67E4B80559d6cA2C8A4E,0.00007
0xc6C0C0f54a394931a5b224c8b53406633e35eeE7,0x06C5d1Fa73bE28A699496A98b98812D811aF2538,0.0001
0xc6C0C0f54a394931a5b224c8b53406633e35eeE7,0x702d24CA5AA629097210bCC0dB26DAA1d680685c,0.00006
0xc6C0C0f54a394931a5b224c8b53406633e35eeE7,0x41171951644570C89F57bD71cee9d297EC0E841C,0.00007
0xc6C0C0f54a394931a5b224c8b53406633e35eeE7,0x350e1ca8d3499a21FEe8cf9143C1f7a28Fa530F0,0.00006
0xc6C0C0f54a394931a5b224c8b53406633e35eeE7,0x9182c2aEa84ba6452e4D48FcC8359dEDE5e5E1c6,0.00006
0xc6C0C0f54a394931a5b224c8b53406633e35eeE7,0x7daff77Ea1E286C2fDA3Bb6a98f6305E05ECFe36,0.00007
0xc6C0C0f54a394931a5b224c8b53406633e35eeE7,0xFFC02b7Dc4D61DC0348AED938570ecbCAb8C89d0,0.00005
0xc6C0C0f54a394931a5b224c8b53406633e35eeE7,0xA8AE9E201b18c029B566C8ed74A4E623886b842d,0.00005
0xc6C0C0f54a394931a5b224c8b53406633e35eeE7,0x7984375D7cFEdABDa0011D4Bc1353E1e1f65c2b5,0.00008
0xc6C0C0f54a394931a5b224c8b53406633e35eeE7,0xd9b7a0373FccFb6A30D2951FF31989e8f7a38e38,0.00003
0xc6C0C0f54a394931a5b224c8b53406633e35eeE7,0x2b6271f089aFA7F9B1015bB92fF30d5c5e0263e8,0.00006
0xc6C0C0f54a394931a5b224c8b53406633e35eeE7,0x4b06B11f7a8964923B4a862913212f2F2184da68,0.00002
0xc6C0C0f54a394931a5b224c8b53406633e35eeE7,0x699aC75b65AdBfbb574939E17323122a2a209B84,0.00006
0xc6C0C0f54a394931a5b224c8b53406633e35eeE7,0x2F7a06Ac515c9ccC0831dDb808a4035B71D2a3D8,0.00003
0xc6C0C0f54a394931a5b224c8b53406633e35eeE7,0xc25c0E2e2380EfAE155C3B0e14383C1Ee3F8539D,0.00007
0xc6C0C0f54a394931a5b224c8b53406633e35eeE7,0xe3fb9574A25CFf4F0C9a1e92EE06285D0A004d08,0.00007
0xc6C0C0f54a394931a5b224c8b53406633e35eeE7,0xE08400E589fdE2CDaB23113d955801211f431d7f,0.00007
0xc6C0C0f54a394931a5b224c8b53406633e35eeE7,0x47425036e4eB2E3cB68dF867B5a42bc5212Dc1aa,0.00004
0xc6C0C0f54a394931a5b224c8b53406633e35eeE7,0x4e51e137bF444e5D79e2683F803Aa4255257e4A1,0.00001
0xc6C0C0f54a394931a5b224c8b53406633e35eeE7,0x242b323171a1eA7e65b5218CD5E1D6652a87DC7C,0.00005
0xc6C0C0f54a394931a5b224c8b53406633e35eeE7,0x0FE58b4C01200918B1d439AFFA983c8511C3284E,0.00001
0xc6C0C0f54a394931a5b224c8b53406633e35eeE7,0xaD310701bB04dFfbdC28FcD02911e43b44D64a67,0.00003
0xc6C0C0f54a394931a5b224c8b53406633e35eeE7,0xc665A7Fc69AD3BFf7683DADbe46616eb2B0CEC59,0.00009
0xc6C0C0f54a394931a5b224c8b53406633e35eeE7,0x8f9c3B840134C69F24fE7cd040C9c801403D59fC,0.00006
0xc6C0C0f54a394931a5b224c8b53406633e35eeE7,0xEC20cAf5973345558681A28c5Db0f43F860262eE,0.00009
0xc6C0C0f54a394931a5b224c8b53406633e35eeE7,0x163818826C22bC14A7ec0C1f7CaFf935978DE9B4,0.00004
0xc6C0C0f54a394931a5b224c8b53406633e35eeE7,0x06155Ba721cdE5b99186F7cbc5772BAD19623822,0.00007
0xc6C0C0f54a394931a5b224c8b53406633e35eeE7,0x19685f876a59C547403F60876f1eCf6465685300,0.00007
0xc6C0C0f54a394931a5b224c8b53406633e35eeE7,0xf226bE7c95c3b7eA77862F14881A82bA47e745bD,0.00002
0xc6C0C0f54a394931a5b224c8b53406633e35eeE7,0xD11e967C55C77eceD04974b7499745E6BFdE880F,0.00003
0xc6C0C0f54a394931a5b224c8b53406633e35eeE7,0xE38a592b6614d109B3580173de8DC5a4AFed52Da,0.00002
0xc6C0C0f54a394931a5b224c8b53406633e35eeE7,0x85dc2F97a4FC6F277e51439b5AFdaA28fdBa2829,0.00008
0xc6C0C0f54a394931a5b224c8b53406633e35eeE7,0x3935BE6Aa37c4813d38c389C58DAd31163483a85,0.00003
0xc6C0C0f54a394931a5b224c8b53406633e35eeE7,0x70Ef42Ff29E020eB0A10DfB6Cd300Bd65CBB5865,0.00008
0xc6C0C0f54a394931a5b224c8b53406633e35eeE7,0x5C4D3e48636A0Ff40a3B34ACF29Fe3AeB2c110f6,0.00005
0xc6C0C0f54a394931a5b224c8b53406633e35eeE7,0x58773b5b96Ef657C707400217471fA6C193Fa682,0.00007
0xc6C0C0f54a394931a5b224c8b53406633e35eeE7,0xC0dE97dd9A527A12E4172a585b402029A26F6e4F,0.0001
0xc6C0C0f54a394931a5b224c8b53406633e35eeE7,0x460E33201f13Ea056aD0B950b345B0d19d068BC8,0.00007
0xc6C0C0f54a394931a5b224c8b53406633e35eeE7,0x3fbF2BCeF91b55842CA406563D045505a624ab60,0.0001
0xc6C0C0f54a394931a5b224c8b53406633e35eeE7,0x7Ad951460432fDA2Fe8FE403C6eE03c5201582a2,0.00008
0xc6C0C0f54a394931a5b224c8b53406633e35eeE7,0x90cdBacfc6CD8E1AA1f094591B3dC1DB827bF7A0,0.00007
0xc6C0C0f54a394931a5b224c8b53406633e35eeE7,0x2d779d61B491BD26711dDBE7c9B811De1B428f6d,0.00006
0xc6C0C0f54a394931a5b224c8b53406633e35eeE7,0x21f58D8F5A6E603D1757BF85E268e58086C515d4,0.00007
0xc6C0C0f54a394931a5b224c8b53406633e35eeE7,0xDd99057dfD9e6bFA5B6288ebdc1eeb5025EeF73d,0.00003
0xc6C0C0f54a394931a5b224c8b53406633e35eeE7,0xa5766E2c9162f5Bb5812789Fa417E4E690B7Bd1C,0.00002
0xc6C0C0f54a394931a5b224c8b53406633e35eeE7,0x63d678831B6B41ac9261dADC5Ffa463615Dda3E3,0.00006
0xc6C0C0f54a394931a5b224c8b53406633e35eeE7,0x14Db3bcd7a7866A79ED11F5f43173721B250A4CA,0.00003
0xc6C0C0f54a394931a5b224c8b53406633e35eeE7,0x8c08D153F1724D06f84845Baa4c686aC0575F600,0.00009
0xc6C0C0f54a394931a5b224c8b53406633e35eeE7,0x6f7804E9c5DB89a26849F276E1DAAEF4D7823157,0.0001
0xc6C0C0f54a394931a5b224c8b53406633e35eeE7,0xE33AF59C35b89591361cf04f9cB6d89c8880f5FC,0.00001
0xc6C0C0f54a394931a5b224c8b53406633e35eeE7,0x95D960F3523cba73168DA2AdA80C36b38C3E03eA,0.00003
0xc6C0C0f54a394931a5b224c8b53406633e35eeE7,0xd6c71eFDf087bEA2C6942102ACC0a2bcaBE2F532,0.00007
0xc6C0C0f54a394931a5b224c8b53406633e35eeE7,0xd60f2175C551BD5b9DEc5F7f040be6b048F358eC,0.0001
0xc6C0C0f54a394931a5b224c8b53406633e35eeE7,0x3D9A3356A3fEB4D6286A04Ee9C23a563C7C0EF8a,0.00005
0xc6C0C0f54a394931a5b224c8b53406633e35eeE7,0x3909a9b2E26e4B97B8B22969b81DaB7Bb3672Ec7,0.00001
0xc6C0C0f54a394931a5b224c8b53406633e35eeE7,0x34A5F19A0d8a199CB44340DF591E80cB6294151d,0.00009
0xc6C0C0f54a394931a5b224c8b53406633e35eeE7,0x72D6e2Afc01eCe997BaBaEF7aDa0e0155c195443,0.00003
0xc6C0C0f54a394931a5b224c8b53406633e35eeE7,0xC76c75fE90412Df32E41Bb1610Ed724333f998FC,0.00005
0xc6C0C0f54a394931a5b224c8b53406633e35eeE7,0xA4dB9a4e5782f3BD3ee3d1c3A6a10Db05f61f759,0.00002
0xc6C0C0f54a394931a5b224c8b53406633e35eeE7,0xC41c6867614BAc8b65f48a6052D20bA6D8ECcfE9,0.00009
0xc6C0C0f54a394931a5b224c8b53406633e35eeE7,0x448b20997d4eA5F9E4168cDAfaf6d06a204cBa20,0.00007
0xc6C0C0f54a394931a5b224c8b53406633e35eeE7,0xA004fA75ddD1DD442d593cD9A15fF946234b0927,0.0001
0xc6C0C0f54a394931a5b224c8b53406633e35eeE7,0x43205261c6E061293c11949c7F41A5d7D236F145,0.00001
0xc6C0C0f54a394931a5b224c8b53406633e35eeE7,0x70dAb7a6051c7c2797dFaFb91188dc51812698F6,0.00004
0xc6C0C0f54a394931a5b224c8b53406633e35eeE7,0x76444bf94DCE2600C5920BdeBF825b977009f81C,0.00002
0xc6C0C0f54a394931a5b224c8b53406633e35eeE7,0x2bdd6e5e87342001E287CD233102B7b8A585eCeE,0.00004
0xc6C0C0f54a394931a5b224c8b53406633e35eeE7,0x6449054Cc170814382fAE889Fa6B7AD47FE248e1,0.0001
0xc6C0C0f54a394931a5b224c8b53406633e35eeE7,0x9B4687E476B4AeCE7CeF511489Cc5F4fadf895C2,0.00007
0xc6C0C0f54a394931a5b224c8b53406633e35eeE7,0xcaF377a986FA3B7C453cB2769A294104e05B42B3,0.00006
0xc6C0C0f54a394931a5b224c8b53406633e35eeE7,0xb0f40417cC69b484b6Be66581033E716Bf8765c0,0.00003
0xc6C0C0f54a394931a5b224c8b53406633e35eeE7,0x0b8A59A527cb37e313e25f9EaCc8F818Ea7F75D2,0.0001
0xc6C0C0f54a394931a5b224c8b53406633e35eeE7,0xbb99C5ae9aCf4c77E0f93F81d8bD5a142887F256,0.00009
0xc6C0C0f54a394931a5b224c8b53406633e35eeE7,0x2D1997Eb5E605D1Dc0F9e3141f865a893aC4F68A,0.00003
0xc6C0C0f54a394931a5b224c8b53406633e35eeE7,0x967937d7cF9c5AFb67F2372EA10995dA0f4c8b70,0.00004
0xc6C0C0f54a394931a5b224c8b53406633e35eeE7,0x1a2467A5f4875D945ae378a901FB515d5258a4a8,0.00002
0xc6C0C0f54a394931a5b224c8b53406633e35eeE7,0xe36e9e20b79f64F087C91E6C5B3c8e81e2dB9520,0.00007
0xc6C0C0f54a394931a5b224c8b53406633e35eeE7,0x478a95686EF1Fe375CBE3d67DA5d7C3172916e11,0.00002
0xc6C0C0f54a394931a5b224c8b53406633e35eeE7,0x5d6e6Ef053b8D9c0975C2F2DA07D74478D03FBeC,0.00004
0xc6C0C0f54a394931a5b224c8b53406633e35eeE7,0x0329B941F5B5641482583cbDe086cA5242F92F3D,0.0001
0xc6C0C0f54a394931a5b224c8b53406633e35eeE7,0x3Ed22fA9C987a7779C8f54bc473739098219223d,0.0001
0xc6C0C0f54a394931a5b224c8b53406633e35eeE7,0x1790C44c843a2e1cF2AA6A1480bD2DD1b93B07bC,0.00008
0xc6C0C0f54a394931a5b224c8b53406633e35eeE7,0x4D210d23e5fE5FD0301344A5Bdefed631Ed16B36,0.00008
0xc6C0C0f54a394931a5b224c8b53406633e35eeE7,0xF936C5A0a4A08b8DeA6022cc69B7cef5577892A5,0.00008
0xc6C0C0f54a394931a5b224c8b53406633e35eeE7,0xdAB20c92DC68c2eEfdAFdE8D4023914bCb972bbc,0.00005
0xc6C0C0f54a394931a5b224c8b53406633e35eeE7,0x81732FEeaE69Ce885a1303485245bB778040CBD7,0.00006
0xc6C0C0f54a394931a5b224c8b53406633e35eeE7,0x5baEB9FFFB35fcb3acee28967cFE370a0937013A,0.00005
0xc6C0C0f54a394931a5b224c8b53406633e35eeE7,0xadDD29f9bC864a9C1d1FEa8a22efeFC1698389b0,0.0001
0xc6C0C0f54a394931a5b224c8b53406633e35eeE7,0x7477c9959c3421a8cC8555A0DCeb66Ad28A51032,0.0001
0xc6C0C0f54a394931a5b224c8b53406633e35eeE7,0x08B4D68CFe6b364238248d9DbBC32D9428c483dC,0.00002
0xc6C0C0f54a394931a5b224c8b53406633e35eeE7,0x6306d59ba175193176c5158e04649872244F4148,0.0001
0xc6C0C0f54a394931a5b224c8b53406633e35eeE7,0x448fb1d6911678c71Fcf97D6F9e2fDe315a6eCC3,0.0001
0xc6C0C0f54a394931a5b224c8b53406633e35eeE7,0xd170E1526d10F20cAD646F8C04c7daCC5E78Ecd1,0.00003
0xc6C0C0f54a394931a5b224c8b53406633e35eeE7,0x4A070EEcD73CB2084F3Da1555Fc001a46232Df3c,0.00006
0xc6C0C0f54a394931a5b224c8b53406633e35eeE7,0xc49C1031a59D96682430e1C3E338a9574D62Ce83,0.00007
0xc6C0C0f54a394931a5b224c8b53406633e35eeE7,0xd0904B269cd3D23301778B8Be980773f560271f2,0.00003
0xc6C0C0f54a394931a5b224c8b53406633e35eeE7,0x333F2A30c86935C3918922f117F11948868F22e3,0.00001
0xc6C0C0f54a394931a5b224c8b53406633e35eeE7,0x43CbbfC00043591f29E4bb5542818cce6d58F031,0.00004
0xc6C0C0f54a394931a5b224c8b53406633e35eeE7,0x873aD7BE57D45db0DD76aBE6bac5097eF70741E2,0.00007
0xc6C0C0f54a394931a5b224c8b53406633e35eeE7,0x29641F4B0dc811923655CE34a5418E484d62118E,0.00009
0xc6C0C0f54a394931a5b224c8b53406633e35eeE7,0x34F7c6310c778BF22a3CcA51E7Fad20110Ff38fE,0.00002
0xc6C0C0f54a394931a5b224c8b53406633e35eeE7,0x3A4529A9206f14FF3a25928F66E7dD3704094f81,0.00009
0xc6C0C0f54a394931a5b224c8b53406633e35eeE7,0x09216b6ef5528eaEc2614Ebf095DeD065FdE2c23,0.00002
0xc6C0C0f54a394931a5b224c8b53406633e35eeE7,0xB2e96292A3B5693f8B62F1DAF9d3224408187926,0.00002
0xc6C0C0f54a394931a5b224c8b53406633e35eeE7,0xFd987Ff23c312756317426a15e965Ece0Ed8A28B,0.00005
0xc6C0C0f54a394931a5b224c8b53406633e35eeE7,0x8deFaD9E625c7f9d4B74204D31C9d9BAc1041234,0.00006
0xc6C0C0f54a394931a5b224c8b53406633e35eeE7,0x4AC8914875c76dC879002090d661106E394B162F,0.00006
0xc6C0C0f54a394931a5b224c8b53406633e35eeE7,0x6D285D9eAC9aC1d7d829c398069f2223CFAF4Fb0,0.00009
0xc6C0C0f54a394931a5b224c8b53406633e35eeE7,0x036697Df093EDBd8D492B51d5eF2cFa97074caeC,0.00001
0xc6C0C0f54a394931a5b224c8b53406633e35eeE7,0xb8c3DC015Ca7556CC85582907F914a7BedE08106,0.00009
0xc6C0C0f54a394931a5b224c8b53406633e35eeE7,0x0bf026a6c2C9A0ECa91797A2f90Cb6417690be5f,0.0001
0xc6C0C0f54a394931a5b224c8b53406633e35eeE7,0x0761B55915cAB28B9F97A232EB9BC6721Fb78088,0.0001
0xc6C0C0f54a394931a5b224c8b53406633e35eeE7,0xf6E601b85d751Da2C7b7f829a81E8261CcC06822,0.00007
0xc6C0C0f54a394931a5b224c8b53406633e35eeE7,0x26bFdE43Bb0a44370be6E8a3505aed73BfEd4467,0.0001
0xc6C0C0f54a394931a5b224c8b53406633e35eeE7,0x254d0D1d00A32fad17c67fbDc420067F3e96caCa,0.00006
0xc6C0C0f54a394931a5b224c8b53406633e35eeE7,0xfD2D2d2f17B82743002F00De8a38cC0B54b573B0,0.00002
0xc6C0C0f54a394931a5b224c8b53406633e35eeE7,0x011746EaAb5058A1F2a4A1665815D3aABa67cF34,0.00005
0xc6C0C0f54a394931a5b224c8b53406633e35eeE7,0xd08B8Ad33eec3D2F572945881c0089DE35d83602,0.00004
0xc6C0C0f54a394931a5b224c8b53406633e35eeE7,0x48E0597c6E855379E080146811158b3C571A6c50,0.00005
0xc6C0C0f54a394931a5b224c8b53406633e35eeE7,0x011f748Cc2d9700b569eEbd9e012945884677a05,0.00005
0xc6C0C0f54a394931a5b224c8b53406633e35eeE7,0xd03f55f195B13c8f6F66fd2402D7570D38CE5C12,0.00002
0xc6C0C0f54a394931a5b224c8b53406633e35eeE7,0xa57Ff893CFd6D05F637B571Ea8276b5968B9D55E,0.00007
0xc6C0C0f54a394931a5b224c8b53406633e35eeE7,0x5E31a8326870fCEFc6DFce45a3457B9525fFfFC3,0.00005
0xc6C0C0f54a394931a5b224c8b53406633e35eeE7,0xFb1a2A16d100d7e411501eEa3f33241C9cc67Ad7,0.00006
0xc6C0C0f54a394931a5b224c8b53406633e35eeE7,0x3e620EDa5A94484f4227e3719214cC9102aE0a09,0.00001
0xc6C0C0f54a394931a5b224c8b53406633e35eeE7,0x3883a9e9b1Eb0E072A5631C547b7897d94Ac9E3d,0.00001
0xc6C0C0f54a394931a5b224c8b53406633e35eeE7,0x7C27613053769C36723989D35064A81D51827352,0.0001
0xc6C0C0f54a394931a5b224c8b53406633e35eeE7,0xb97F46C852bbc1D6dE7D626fBcbB4Af70403f04e,0.00007
0xc6C0C0f54a394931a5b224c8b53406633e35eeE7,0xc9d872A1b952e387684C75CC1E0b1F81aEA87d0d,0.00007
0xc6C0C0f54a394931a5b224c8b53406633e35eeE7,0xcDfE0edF78f056912DE3Fbf769AaBaf88b7BC601,0.00007
0xc6C0C0f54a394931a5b224c8b53406633e35eeE7,0x69FC059A833A83d6360e7157Cd762Af34171F44C,0.00009
0xc6C0C0f54a394931a5b224c8b53406633e35eeE7,0x5a4046Cb93CFd1CB9c4Cf9f382467c36a74dbf3F,0.00006
0xc6C0C0f54a394931a5b224c8b53406633e35eeE7,0x5B4BF458BB56cfa2c14aB6302388b699Eb5f1E09,0.00005
0xc6C0C0f54a394931a5b224c8b53406633e35eeE7,0x4585F6a426C1FE7c42d211069B18F1D988626356,0.00008
0xc6C0C0f54a394931a5b224c8b53406633e35eeE7,0x5ae375Ecc4b32F2d4581cc1c96D53231575e5e64,0.00002
0xc6C0C0f54a394931a5b224c8b53406633e35eeE7,0x95879ebA9118D2dD9f68e24A4217c6b5F8850ea3,0.00002
0xc6C0C0f54a394931a5b224c8b53406633e35eeE7,0x613D168D4E9A49E948C6ac20A5D348C8658f9e75,0.00002
0xc6C0C0f54a394931a5b224c8b53406633e35eeE7,0xA4286e00990cfe56aC485F24E56e739f4f2F32f3,0.00004
0xc6C0C0f54a394931a5b224c8b53406633e35eeE7,0x5877920Dfe68F3c56F995Bd551B28491Fe24f28c,0.00002
0xc6C0C0f54a394931a5b224c8b53406633e35eeE7,0x0a35d69e68A8f53dA28D37E39b3A886a53724AD7,0.00004
0xc6C0C0f54a394931a5b224c8b53406633e35eeE7,0x1cFe6E9262e36F6470bEd8934F5ce9BAB1daB65F,0.00004
0xc6C0C0f54a394931a5b224c8b53406633e35eeE7,0x24770c6f29603d22a0DBb2c6Cd90eDD5101e4D5A,0.00005
0xc6C0C0f54a394931a5b224c8b53406633e35eeE7,0x8EEd7AE07f2E44F8C7165572E51696e6CBBA7dCb,0.00005
0xc6C0C0f54a394931a5b224c8b53406633e35eeE7,0xBAc4006720cbF1186Cf9df9D0788bCbE3C22b664,0.00008
0xc6C0C0f54a394931a5b224c8b53406633e35eeE7,0xC3eD8Eaf9dF704AD29845323D67916e7D9B75552,0.00006
0xc6C0C0f54a394931a5b224c8b53406633e35eeE7,0x441D2D618275995E6a9e8851561887D078c1D1f7,0.0001
0xc6C0C0f54a394931a5b224c8b53406633e35eeE7,0xACc770F90Cc46C473396020B68bE1A5B1762c52B,0.00003
0xc6C0C0f54a394931a5b224c8b53406633e35eeE7,0xC8d9d115d7B0CD1f5dF6426380FB9317d6bd249C,0.0001
0xc6C0C0f54a394931a5b224c8b53406633e35eeE7,0x6CEFc8E7B3969ca729188f50e3d52Cec5882c866,0.0001
0xc6C0C0f54a394931a5b224c8b53406633e35eeE7,0x392702F4b4c2887bF434992Ef40841078DA78F86,0.00001
0xc6C0C0f54a394931a5b224c8b53406633e35eeE7,0xCCfE0fc53ac64d379498588fDe985846965Bb048,0.00002
0xc6C0C0f54a394931a5b224c8b53406633e35eeE7,0x8Dc788a9Eb18dE67ee25482a580dACcDcb40519d,0.00007
0xc6C0C0f54a394931a5b224c8b53406633e35eeE7,0x99675f914131D0F93a3D740b09779D628BDE37D6,0.00008
0xc6C0C0f54a394931a5b224c8b53406633e35eeE7,0x62a40016b1cd9F8F8006AB18153AfE45a0fa63f0,0.00004
0xc6C0C0f54a394931a5b224c8b53406633e35eeE7,0xd2Ca64cA68AAdB8D534c7d84aD9149B5Ed69fB99,0.00002
0xc6C0C0f54a394931a5b224c8b53406633e35eeE7,0x595C1Ae961D0D292DefA6Bf2Ee544f0b4FBcf6bc,0.00004
0xc6C0C0f54a394931a5b224c8b53406633e35eeE7,0x24a52269e82e8aDBd152AE58b0F5C97a5d381015,0.00009
0xc6C0C0f54a394931a5b224c8b53406633e35eeE7,0x877F81fAeA13a02AA04ce5e9ca8Cc15B5Ef0594F,0.00005
0xc6C0C0f54a394931a5b224c8b53406633e35eeE7,0x21264857bf474E7d2341A441f2C22745a20Fa122,0.00002
0xc6C0C0f54a394931a5b224c8b53406633e35eeE7,0x8dD199ecdC78527D96964783E4472F2FDCd0eC6e,0.00006
0xc6C0C0f54a394931a5b224c8b53406633e35eeE7,0x31A2da3db94cfddCC5D2C697C6c839cBb6b7CB78,0.00009
0xc6C0C0f54a394931a5b224c8b53406633e35eeE7,0x926e4751A2439b884805f849d75ED24E8bb48Aff,0.00003
0xc6C0C0f54a394931a5b224c8b53406633e35eeE7,0x6656038DC8c68533d183aE795383E91fc71C0CE1,0.00008
0xc6C0C0f54a394931a5b224c8b53406633e35eeE7,0x0c400f32Eb2a2d07f8AEd1443BD1E0A3eC24649c,0.00008
0xc6C0C0f54a394931a5b224c8b53406633e35eeE7,0x611C60088F33DDb9C6085962410236915041b726,0.0001
0xc6C0C0f54a394931a5b224c8b53406633e35eeE7,0xCFa22eC21369f2C6701bD216A44aEaf75a9c76f8,0.00003
0xc6C0C0f54a394931a5b224c8b53406633e35eeE7,0xEa810F3B67190fE9C953DA7D857D30C8a5bbe0a5,0.0001
0xc6C0C0f54a394931a5b224c8b53406633e35eeE7,0xD5c7cb0E70ae7A4996C542E08c16E7575680958D,0.00005
0xc6C0C0f54a394931a5b224c8b53406633e35eeE7,0x9808b6643ebafBEE79A5DF95448ca9a7A0c9fB8F,0.00008
0xc6C0C0f54a394931a5b224c8b53406633e35eeE7,0x4d9A0723D27942F7686ea84416aa8811234C7Fc0,0.0001
0xc6C0C0f54a394931a5b224c8b53406633e35eeE7,0x30acCfAffa285E2a8D2d81254Ce14EEFEd17F013,0.00009
0xc6C0C0f54a394931a5b224c8b53406633e35eeE7,0x4F23C4D77e12721aa2C987e6f7A9D2cbDfbDcfb2,0.00009
0xc6C0C0f54a394931a5b224c8b53406633e35eeE7,0x9A9b79E38E381bDdb1F5D9550Eaf087aeE02BD79,0.00004
0xc6C0C0f54a394931a5b224c8b53406633e35eeE7,0xDa7E363A0046cFa23C79751b897a5098Dd56FDC5,0.00006
0xc6C0C0f54a394931a5b224c8b53406633e35eeE7,0xF068Af5C8AbED48FE520D2B1C646B44553aeF6BA,0.00004
0xc6C0C0f54a394931a5b224c8b53406633e35eeE7,0x28D858c651f9a85B6e1DbF8be49C83D9aAF2Ee31,0.00002
0xc6C0C0f54a394931a5b224c8b53406633e35eeE7,0xD95276F6bd33398B5798BDc5299AA9132a12938C,0.0001
0xc6C0C0f54a394931a5b224c8b53406633e35eeE7,0x6075e10570f956f4fdA1F76d29ED1f00d6959421,0.00009
0xc6C0C0f54a394931a5b224c8b53406633e35eeE7,0x1Dc991748F71D3571026d25645655c080028151C,0.00004
0xc6C0C0f54a394931a5b224c8b53406633e35eeE7,0xdA4884ba7F1c20e36F50284DD4CE55B95A07aD15,0.00008
0xc6C0C0f54a394931a5b224c8b53406633e35eeE7,0xb8D71441193A6C0f3c7B17ddbF3b630991D63Be3,0.00004
0xc6C0C0f54a394931a5b224c8b53406633e35eeE7,0x301A89F104cE4c1fe0fD7aE5111198270F7A4600,0.00009
0xc6C0C0f54a394931a5b224c8b53406633e35eeE7,0x512cA336A944044D40c99106079A9b33a7Ac3042,0.00001
0xc6C0C0f54a394931a5b224c8b53406633e35eeE7,0x15CCeCCC00906067B95C2748B52bc6e3e133FC53,0.00009
0xc6C0C0f54a394931a5b224c8b53406633e35eeE7,0xE2BF51FcCb50511E3Fb1E39cf7AFf79417a162cc,0.00002
0xc6C0C0f54a394931a5b224c8b53406633e35eeE7,0xD012A1011Eb39c37569918456cE98Ac239FFAA3D,0.00004
0xc6C0C0f54a394931a5b224c8b53406633e35eeE7,0xf44D04Bb6a54a6b7229A43581657eCFFc189c334,0.00009
0xc6C0C0f54a394931a5b224c8b53406633e35eeE7,0x9566E63BF4B6C05a4210116aC1c5c0330c6A0cdA,0.00004
0xc6C0C0f54a394931a5b224c8b53406633e35eeE7,0xDD746168D33Cded2C5E572DaB3DF707e2182dC6f,0.00009
0xc6C0C0f54a394931a5b224c8b53406633e35eeE7,0xb1580727B907CD7da9AE43B00739E0762219D054,0.00007
0xc6C0C0f54a394931a5b224c8b53406633e35eeE7,0x1Bf1c2b0bb86a3C319A99d5a9d24552c38269DB0,0.00004
0xc6C0C0f54a394931a5b224c8b53406633e35eeE7,0x8259C71f0F04D5792a1329bcFb00eEeA54D70ad4,0.00007
0xc6C0C0f54a394931a5b224c8b53406633e35eeE7,0x1B4Fe4Fe40B60EFf1F226a2f1201bB793CDF50F1,0.00005
0xc6C0C0f54a394931a5b224c8b53406633e35eeE7,0x6886Ae730230cd330d88ce726f77870A87c66f54,0.00001
0xc6C0C0f54a394931a5b224c8b53406633e35eeE7,0x65dac7646Ba2136B6904cE3c5c6417e1f1466dEC,0.00009
0xc6C0C0f54a394931a5b224c8b53406633e35eeE7,0x39424DAa0CE7C72493E73b6e05240DC04913cF07,0.00006
0xc6C0C0f54a394931a5b224c8b53406633e35eeE7,0x3deEC06B786650d6DaD3544629E7c1A98ae44532,0.0001
0xc6C0C0f54a394931a5b224c8b53406633e35eeE7,0x17377046C38f81240e2DBea9cBA7AE7B671d4547,0.00009
0xc6C0C0f54a394931a5b224c8b53406633e35eeE7,0x907d73b2ED3e69FB47F0FBc53bf7C82645Be0b2F,0.00004
0xc6C0C0f54a394931a5b224c8b53406633e35eeE7,0xBFaC1dfdE280eb009BAB1c6a93a10d95e63A7549,0.00008
0xc6C0C0f54a394931a5b224c8b53406633e35eeE7,0xc7330031377ae9E0b48c326322729D83277c853F,0.0001
0xc6C0C0f54a394931a5b224c8b53406633e35eeE7,0x7095FA9592a2971947855529d35D335cf7B83bf2,0.00009
0xc6C0C0f54a394931a5b224c8b53406633e35eeE7,0xdA82dca32247F57c8E64Be774F1999f3D46b7CfD,0.00001
0xc6C0C0f54a394931a5b224c8b53406633e35eeE7,0xD11D319A929f09adBC31578a1b945242872E4CE0,0.00009
0xc6C0C0f54a394931a5b224c8b53406633e35eeE7,0x4914F5c5e4b28a71194C46a05F8794F747286913,0.00002
0xc6C0C0f54a394931a5b224c8b53406633e35eeE7,0x4A02f715C1F9f8C3EC13bBdfa0766b5451df7592,0.00008
0xc6C0C0f54a394931a5b224c8b53406633e35eeE7,0x26729Fba65C1Cb45343b9EE2bF77c87994760c20,0.00006
0xc6C0C0f54a394931a5b224c8b53406633e35eeE7,0x2e1a253B39a1784987695AC3cEeaD0A8180bdA67,0.00001
0xc6C0C0f54a394931a5b224c8b53406633e35eeE7,0xaA33695644735BAc6A46F35ac5E0EA4034906443,0.00009
0xc6C0C0f54a394931a5b224c8b53406633e35eeE7,0xD2e1dc48f3C6326800e20f97bB94739c3997bB13,0.00001
0xc6C0C0f54a394931a5b224c8b53406633e35eeE7,0x71E7589Bb0030e50Efa1e98A5F4E10318D18D0c5,0.00009
0xc6C0C0f54a394931a5b224c8b53406633e35eeE7,0x34AA260c720b24518f6B95f21DcA1Ec0a43C985F,0.00005
0xc6C0C0f54a394931a5b224c8b53406633e35eeE7,0x9eAFe915C8a9ffF2539Ac2D4ab55fC3079672C2F,0.00008
0xc6C0C0f54a394931a5b224c8b53406633e35eeE7,0x42820FE7f03Be22822b663Ebd224D9Fb26d07849,0.00009
0xc6C0C0f54a394931a5b224c8b53406633e35eeE7,0x1Df260CeC6A5a02b2d0ff2dE2a256E55c59D5258,0.00007
0xc6C0C0f54a394931a5b224c8b53406633e35eeE7,0xF8Ee7b0e57704858a72819530C8375600BAbD63D,0.00004
0xc6C0C0f54a394931a5b224c8b53406633e35eeE7,0xF3ec5D9e62E15c136F140Ebc57cf6d67cBCa72e4,0.00001
0xc6C0C0f54a394931a5b224c8b53406633e35eeE7,0xC07893fe7F563c898432972FA6Ce6958D60e34dc,0.00007
0xc6C0C0f54a394931a5b224c8b53406633e35eeE7,0xd53df8103E020c6540fC22DA0c0D3687B6A8C3B4,0.00001
0xc6C0C0f54a394931a5b224c8b53406633e35eeE7,0x639d934C33a7a9643A506FcD4d63c7bD9d5F94C5,0.00009
0xc6C0C0f54a394931a5b224c8b53406633e35eeE7,0x62E0cD062E0Ba63976198680BB23633Ca2Ad7daC,0.00004
0xc6C0C0f54a394931a5b224c8b53406633e35eeE7,0x7Daa8CBfd06f6DC9673388ff1cA4E4c2253aAc51,0.00005
0xc6C0C0f54a394931a5b224c8b53406633e35eeE7,0x74fF2a84CFF452418540c3a79a12C5d5e26cBEeD,0.00004
0xc6C0C0f54a394931a5b224c8b53406633e35eeE7,0x48c2081544118b834cDa4f6Ad6C8Fd04f8bB9eD9,0.00008
0xc6C0C0f54a394931a5b224c8b53406633e35eeE7,0x84b38F904B34Abe78f45f244a092feA8e977d33a,0.00009
0xc6C0C0f54a394931a5b224c8b53406633e35eeE7,0x7dAb1c0Acd0D19F58bCA1BE9B2E556136e6b961F,0.00004
0xc6C0C0f54a394931a5b224c8b53406633e35eeE7,0x65068b16c24EbA18286546adC8f9C3aA6D1eBC30,0.00009
0xc6C0C0f54a394931a5b224c8b53406633e35eeE7,0x16D4772a9Fb8a598C5cA13B3F3295a73839574AE,0.00002
0xc6C0C0f54a394931a5b224c8b53406633e35eeE7,0x3Da91557ec5a832e9aE51954d8d3fba1B224E3f1,0.00008
0xc6C0C0f54a394931a5b224c8b53406633e35eeE7,0x65360aF20B27B21763461d86fc0131fe0913987e,0.00006
0xc6C0C0f54a394931a5b224c8b53406633e35eeE7,0x528fA0c2EB0614495e3869537AcF8A72694AeA07,0.00002
0xc6C0C0f54a394931a5b224c8b53406633e35eeE7,0xcfd8a52664c3eE4cd9B27Ce21aDb9932D408FBAD,0.00006
0xc6C0C0f54a394931a5b224c8b53406633e35eeE7,0x0dB29B040c325E58eaaabf5485C95dF4A770aD87,0.0001
0xc6C0C0f54a394931a5b224c8b53406633e35eeE7,0x1B3a539250bbb613e3cBced1276e4e57F4fCcfF5,0.00006
0xc6C0C0f54a394931a5b224c8b53406633e35eeE7,0xC5d6969487803B6552b5ea9495f5375Fd8cac94a,0.00009
0xc6C0C0f54a394931a5b224c8b53406633e35eeE7,0xf879251D741F79d0390Aaec907Ff53cA71B32A01,0.00003
0xc6C0C0f54a394931a5b224c8b53406633e35eeE7,0x43C5Acfb57BD1DA9de8886E16A87F111C0BB260E,0.00001
0xc6C0C0f54a394931a5b224c8b53406633e35eeE7,0xB223C5455A99f656F7c1897aEcC8A385F3082d9b,0.00007
0xc6C0C0f54a394931a5b224c8b53406633e35eeE7,0x5f2612CA74996a1d4D162ED803c8D980278eF843,0.00007
0xc6C0C0f54a394931a5b224c8b53406633e35eeE7,0x728fB5915012e20B81cf5ad77B0Ed0eFC272bAF1,0.00009
0xc6C0C0f54a394931a5b224c8b53406633e35eeE7,0x818aE76068a5894eD134Fde21AE10fbFCb877267,0.00002
0xc6C0C0f54a394931a5b224c8b53406633e35eeE7,0x66755947Bb85363Ae8A036ceBaf1d99f27C1fE49,0.00004
0xc6C0C0f54a394931a5b224c8b53406633e35eeE7,0x999Bf420574964b362054047ffd52A7f790bf69c,0.00005
0xc6C0C0f54a394931a5b224c8b53406633e35eeE7,0xFC5e57B036C165322523F903a7bfC031DD15441b,0.00001
0xc6C0C0f54a394931a5b224c8b53406633e35eeE7,0xC448E4B2155027a08A5767cA85119746Fdb1880f,0.00004
0xc6C0C0f54a394931a5b224c8b53406633e35eeE7,0xF2B8AEFA605CF58330b451C7fdB0ED42DAaacC6C,0.00008
0xc6C0C0f54a394931a5b224c8b53406633e35eeE7,0x2AA3BFE12de8A9b620B7bc403706FaeDB2a00d9c,0.00003
0xc6C0C0f54a394931a5b224c8b53406633e35eeE7,0x63f4fCDe0088F762Cf20ed1219c0d13131cD065c,0.00009
0xc6C0C0f54a394931a5b224c8b53406633e35eeE7,0x21E443b6A2667A2F4905d4f964baB028846a4fBC,0.00007
0xc6C0C0f54a394931a5b224c8b53406633e35eeE7,0xd6d2cf822Bb2EBD466eFF231059913154439bbA8,0.00003
0xc6C0C0f54a394931a5b224c8b53406633e35eeE7,0x1EA3Ae5122fea32b3519bD7162A34812D99D6Dd2,0.00008
