0xf858cA076A13696939478708990374FAf8F0c580,0.0005
0xfEab0256B3b633ecAf86e0424b8a93C6Ba321381,0.0006
0xfc2E56130db0695E857Dc1D3BF79A44e1270cd1A,0.0006
0xB8e42dbf8D7651eE212C8c6657fAd0bd4C3cDA7f,0.0006
0x363D604212873b89F19f4e1Ec0e7335af8F61318,0.0009
0xBd8e0B5b3d26A02f5542EC6FD7dfb0202926850f,0.0007
0xb6785258d0F07337D129cB77fE59c9E24e822153,0.001
0x216f232cbCC028bF59BBEE4bd8AEA51018F4fB19,0.0008
0x49C55882A59D1402A1ebBaD57f3b9E79AbcC8565,0.0004
0x6b3089F2967A7D0912c7fFCf88dc3b69422e4B0c,0.0003
0x1cB8690E44BD3548E3D8F38a2f9E73c31C53a784,0.0007
0xB3F7201577a3526DFC3f850EC24C69f29fDD48cA,0.0001
0x435D211E79EEFc7713a202B3A9865D1cd2485971,0.0003
0x3cb04BC8130A2958C275E68c210A42329F97e0d1,0.0005
0x608957e7061F7816Cc1F33F5bb939826eA3f14bE,0.0007
0x5a8387Abd566AcBF952722d5419bB3434AF929AC,0.0003
0x6eB558Eb2f85328546cAAB4783FEc2148b93c4b4,0.0009
0x658d9bb67b2a58D80523aAB02807a0536F49247d,0.0002
0x95F301fd210A46eea5e0A5933cd1Ff81Ff0f0CD4,0.0006
0xc39bBE5CaE1b8E32Ce77eF82b116C1D93Ee861BE,0.0003
0x36F2e17f5618bcda6E08d2B2fF95582562D04ef6,0.0002
0xDf1B7F80c24992c1f2ED4DB85e661A0D9f483C21,0.001
0x2F662e404a497e1A940785a818872e6C41DC4aBF,0.0005
0xFFD7Bed9942edE2b9A2D0Ee1A291305e531d6300,0.0005
0x3f67Bed28a12a543b1D69CA668f0b6fe61931857,0.0009
0xE78b53389FC337EF813B65775Bd4603CF887Ca89,0.001
0x555CeAFa5f39775abBAb391dC007459Da9fB2cE4,0.0004
0x8bFe15b3B8f2Db0a2F281CAC941E6C8574d73F9C,0.0006
0xA36EddE0132d9FD3a3044b7187adcc27393DC1f4,0.001
0x3e3D44ADA78aFecBa584BaB311fDbaD1F374aa2C,0.0004
0xf01668EA7d6b812C8d00f86602E6915C06A3E921,0.0006
0x421f63995137f3f34188b92f0B06c632d5f8e8fB,0.001
0xa81bcA3266C471bd312967E94A7Deb983AeC166B,0.0003
0xAb44B6980344A70a1B83be0d352B1e7A95ac2239,0.001
0x8FDCF4451ba47C8aA274574B313Bcda485594518,0.0007
0x4d20C77E84F364A1368dc4ca8ada02b0D931d8cf,0.0001
0x3F64B7b8A2fd55D7cA11461308e321428aFF8822,0.0009
0x9f8DF31721A5438D8A6ef5004De45a86bCc2C749,0.0002
0x4743A939c061914003c5430EB0a59DBF9855443b,0.001
0x99aAcBF616f178ba5BA822AA9fA1525AA5A7492b,0.0009
0xecfDCf54E699d8352f2DC612d2a7F20D4ad88EC5,0.001
0xc3fD72751252890FE561f9EAa374d6f9D08a8E50,0.0003
0x3ED650D48A405A0b3E621a646508c8Fa694CB7e5,0.0006
0xaeE8A236C64B5CE88E4Ced4E101cb1d1C5BA2Fa3,0.0006
0x9a02b539C49592B26D4065F0c58b31339F8027f4,0.0006
0xA78dD283A19Cf37FeBa41C221891E69800eE78D3,0.0009
0xb83555Ca497483FAAB23a4D90693178660BF7707,0.0003
0xd249ab6f031EB12aF37604E1AD6E0737f6B2cD05,0.0009
0xd458Fc3dB6771b28036BE52E3D48aEf94CAC6B3B,0.0007
0xE973826d0b7465702Bf53442791199708e551061,0.0004
0x061459c4b4E6CaCb66f69278978FE5bB7d5f41ab,0.0008
0x229Be2c9Ea9ca13D452c2125AC10014b50992458,0.0007
0xcAe5D698C3eab2A81C10b84D98E7f4629cA542cd,0.0009
0xB1aBA86E57396C0D598e117B78710FfCcfe3b6C0,0.0004
0xdD11A32b5e5d6A52A764B3c882ed03Cc3a209AfF,0.0001
0xc4eD65d1BcF76461e3989eF3E39D029802139ce2,0.0003
0x538bE52194820429E1770E46e20bB998Edc31e65,0.001
0x6ce2991a697f7c0b5a70EA8b655650ebb7ae093a,0.0003
0x20486C97f88662DCD01FE130239F75F9F7674Aa6,0.0008
0x8614e3DB5B8474baD37d139B2a6Bb4aF4371ac14,0.0007
0x5483C5d20bc4ad70870cFE6dC8CD936612Fafa61,0.0005
0x7A25bB02B2D38BaE1D8cdf5f5e74D38798B3f4Ec,0.0008
0x29c0A85d958A8C42Dc4FEE6F7bc420761224cFaA,0.0007
0xa95e095bB6a027280D10E03E6AA8E845E7A5aFae,0.001
0x17a6C7306712E08C0329157E29514B8C503D2ec8,0.0001
0xbD95668257ab3FcE11B364EaCf8b86cE74aB8d88,0.0001
0x0189017cf03eC780b42b095C583B665aae02BC49,0.0001
0xa8Eaf7fFd688F02AB1aA7c361e66674390BA8724,0.0006
0xdE8908177F7212Ca1faC6EBCb90842bEFeb544E6,0.0001
0xc3c2699a57ADEc6521bF434c993e47B7905d88f7,0.0003
0x603e1f70Bd2Dd00c0263459B2FAB763CD491F3af,0.0004
0x86a73292433a241e25C01a94f1df5DACc14c573c,0.0009
0xF80a2C7a0f89Fa76041DDB481C1F65C57B423788,0.0009
0x8C708Bd31a79CeA612e84Af6abDfCC659f7Ae7Ca,0.0007
0x41E1b14E16984692B256975eF61B4080371C38F3,0.0001
0x681FC0108Bf9EfA86d805b60F109D2F2e88bE84e,0.001
0x07aA67bE27Fd9AaCf7eBd2045290bE38Ad59B555,0.0004
0x9cad3cc4344F0399d341db31135975100246F6CF,0.0008
0xeA68CF9c883e41DB3F0FdEE2B437898954C2C588,0.0007
0xF41aa194d7F0B3E3479D37E858C22383B52b1BD3,0.0007
0x59812084083bC86deDaa7b48fd9ecB175b51B52f,0.0005
0xb3Ac05A1a8262d4b1E81ca440c878CC9546293b1,0.0008
0x23448F295fC2d32048e59d298bf41D56953aa807,0.0007
0xed5F434ea524A9B69D811Af0D77B1463ba7519a2,0.0006
0xA9031cE555b498238420D0bCF9A5a0856062723B,0.001
0xB8b404B17e424831f2d9a22882dd45922ADecB27,0.0007
0x992992B4497e9D497c6DFEf8C321c563dddE58Bf,0.0008
0x70787EdDE0281d661855Eeb756d94a56Fdc00E38,0.0003
0xfdc292975DEF02A0052613f9E02C19D678564f0B,0.0002
0x1c049d2A6B5593596C059ac5670ca686a006C5df,0.0001
0x0A9ccf5587627FcAb79d763E4D6Df9098EBdb38D,0.0007
0x792f5FeFBC6Fd192495843292CF9EFE792c4Bb9C,0.0003
0x54153111e3A7998B9F9F1C1de9E638BA06eDE396,0.001
0x227C4C56fADB60b6D0948a760eD4C854F6e3C86d,0.0007
0xe944201F337b2C918f39435a0410057239E2edd5,0.0006
0x2E6efebD7dDaD9699c49e46d9271E4e1b84cf653,0.0009
0xF2504707De06FB954bcCCe0903C6848D9EE091ed,0.0006
0x843C48c539dFbc7279910ca584D23Cc54420f488,0.0005
0x48589187FFB05cF6716FEDd3fD443a038Ad3CF80,0.001
0x521875dD59f28ff028267C82b938FAC6B072B60E,0.001
0x7f5b4Af2418a59E99505D0a1a553242f29c0aAE3,0.0003
0xC57e3C35AF2f218DBB308D0d19787c54C74494cF,0.0004
0x5a6b82fB0f14260Fe2E4A5239D01e37e676E5d77,0.0005
0xF73077c4F63718828A71DA5563eC69e1Dc5850cc,0.0004
0xE849283C5B3B113200C510DDe1C0Fa1c3d717AeE,0.0009
0xd3E3e2129e0F2ef9B717a707357695AAc3e02E72,0.001
0x4d06780818cC6f1b98A2eac7B816B17162Fd0e19,0.0007
0xc606602545e2884ea0CB384f98104CC5ea661DF0,0.0002
0xDA3C2B4eb426DC299193a4cA5b6775f652C24f0F,0.0009
0x0c0B9E5C7Ce2a21CDF6cBe4b570c37C71B2e01a5,0.0004
0x6977dB92A74db93aAdDF290c4C35C9048eCa8330,0.0003
0xF884E45e398c1EF4D22359A1Ff5936bd0Ab7f29D,0.0007
0x8daCA59529BB9ae749a3E9D4F31d9dA37e87b41a,0.0006
0x1a7677370e69A3dc9D045025BeAA7Ab6a875B453,0.0005
0x7994f87521B56B4756c4d23CCBb14a9a0488baDb,0.0001
0x0C2914a44Fe2712B3fa9Af86FDa9aD630D6D4AB3,0.0007
0xB6eC421fd311478Cdc201e8aE0e03A15f4366059,0.0009
0x9ed45261a14393894054f23fc209624A6B385238,0.0006
0x1b9000Af52b64f4c265Feaaf50cE1Be6906BaC48,0.0005
0xCdb17a65C1c45aF367daf5E512E9C8F1c22196DB,0.0006
0x83E1A572C5B201F64dB50796482E099E6ad5E03a,0.0002
0x928667E516Da2f9dAa663d5d572468e262f62D16,0.0001
0x5b7C6bC7D112638C7e23E56c069c0261d5D70841,0.001
0xC4F71B5393E1Bf4aF472ABa69907aB6023bAa185,0.0005
0xEbf570B16f30bb935a170B8b6d18418cBd71aC08,0.0006
0x09a97AC2fA8d9025548142855c4Dc7019713222C,0.001
0x6570B534d88f7A6F79495Dff366d4E82C8099be1,0.0009
0x74FA311E07F82C886389664B038C26852a0763C9,0.0009
0x56BECb041dAbc66817D6924f4D643aA4F40C7Ce0,0.0002
0x2C687e55f8ab41D4bfd0F71a2d9D7B56448Ac627,0.0009
0xed02eB8B3921dFbf3Bee2def35C5FC57684b47f7,0.0006
0x8C6C3D21b02c509b677CD3D0d932d03e03aa5784,0.0001
0x4Afb4Be99468672327dECC00EadaD3B0dA799477,0.001
0x22a7480555123ecCBcc82CB50B1B38F67B93e648,0.0008
0x6D7B5B6e66Fb0477dF0dF6cDA2F8a45b1BE2C0C6,0.0005
0x8f7Ea13aa66AdbadeB8e39f1c7842681277B05C2,0.0009
0xb10D5455FC2621B480FAacEd136F768ACB807360,0.0006
0xA5348684E658b58Dc63B768C3dd40f3976a5B316,0.0001
0x04E9c71a43297b58085F2200B9459Ef2D0Dbb5C9,0.0004
0x4798C085F19FaBAcFb88DB320966Ef459d28ac6F,0.0008
0x49cB46Ed54F8a03bD8f2560B7D2783D494Ecf180,0.0005
0xe984299600e2C2025a6d2A09454BE7d55e122769,0.0003
0x7D0500483420EA78cA0D141613950DfCA295B8c8,0.0007
0x7fd7a8f7686850b6067B58eCA7b29f5B378B8b47,0.0009
0x474622e467413225c6D9C636588DcEd18eD7e810,0.0006
0x84b8e7b9C689DeF7b78FCF3859A86FFFF248a385,0.0006
0x3E3aD6b94A3Fae722F2CD5b45aFB41950AeC87AE,0.0006
0x205E7D0d04B94E2532Be85D39a96aA0a22699b13,0.0001
0x1aaB78eE86f0c748D2E3D61B69E71B574344C184,0.0001
0x1F7515e71436510bA3E4615Eb8b6e478DEDDB8bf,0.0009
0x48997D36F2EDa3585e089645Cb81D94553bfB0A2,0.0008
0x2d8B9494A899b938a26aC56f85e0210FcFc9d412,0.0004
0xD2064fc078346bF1290A8Ccc3F6558BC69AF1DfD,0.001
0x2A438cEe0FcC5dD20E47296161C9214A634aE670,0.001
0x97B12c38c29116bdc616e8A9Ff482c96e35D0E7f,0.0005
0x3B1BA8bF57bc13aF30e767b453a2d48f72B1CCC2,0.0005
0xc5b56c877F6b09A79B1D8466c483455aC2Cc46d4,0.0008
0x872F680b4E3A672D166FcD386b3985bE67799E26,0.0001
0x2e656ABa6D45221D0C977482ac99FeF2A31F27b6,0.0003
0x3ddA845c032b6E4A8BA02a3b46A81F0239F62FcF,0.0008
0xE0d6f5B6d74bA5C58a3575C637492973A6C8De09,0.0008
0x9ca114feaBd5F9803945c243cDB9591292ed70A2,0.0002
0x2927B2cA13615780D42d62393D46B636b26E6ae2,0.0002
0x0A80f64Ea1b23673E215Fb06A4A8A2786c93b9cD,0.0004
0x32EC39C90C9f4C667D2082185748C519F17aA11C,0.0006
0xDfA6d306da9830a257e9BA2BC71d81e9EF200F04,0.0003
0x7d63Ba1331E6Ff4602077F224aeb39eA4862977D,0.0006
0x29F7379217Ab360090FD8D0d17BD4d0a98644Db5,0.0007
0x77C82c78C2058613ED501c262e267A253B081807,0.001
0xC5C68095bFb65d36978Ba5A74bCf4013e1403a93,0.0009
0x7679B77E8C7c1342b554C09F098F2E3E34440A00,0.0002
0x9A38635c3cdb67e5E5Ca65e19715BDF2a367f277,0.0004
0x0710f38E2A6D714475F70F2FB93dd9C9dCe64EC5,0.0001
0x314e50c6AF742a77Ab27bD24f82d9a3748efbA48,0.0005
0xD7bcdcCF2d650C7cFa6ACBB2B972E20e2d27ad30,0.0005
0xc06eFfEF6Ae227f8B14057aF1ae0a31c46fcFE2A,0.0007
0xE00BbC06B3DC258D5c385f34283CfE070E035780,0.001
0xE7af34fB91a99969E95b0c4DfF1701d4fcC1d5aa,0.0008
0x23DeE6588f3a4918bef7A32BF833a8482ABa6bE7,0.0005
0x5aa27bd09e00623Ef5B45EC2e1af517351f0f156,0.001
0x54f8B8BB9ea444fc02145561a982B42155b40a60,0.0003
0xFC0e4Cfa568dA1c72dF7404254b8853aDC2b5166,0.0004
0xE3904d2Cc8B0C08701bcFe7f18D61c225d1F0BB6,0.001
0x14A67476D34EbB1D486ed15A40981FA70Db92E5f,0.0004
0x6eD4aeDA0FdFF2ab81fD3a4Fe034Cd50b15fDf77,0.0009
0x7954aA4b68C21e59A951433097aB1B530d0f6366,0.0009
0xb4B02Fc106857fc542BED6D5C898dcf249855938,0.0002
0x51C458C645CFBb618a5aDF50e5fbbEEf402aA6ef,0.0003
0x860eb3751d9b4c0e38D5cbE2e02836Ff83A21aB4,0.0005
0xa42600605cbDFCE6634d02A0b5DB9Bc83E4163EA,0.0004
0x2CB79700f4042AB2b37d83b49093e87afDB691Da,0.0001
0xddB0981BDF1E458723df7967122bd1A899cA9799,0.0001
0x3D22aaA200ad7c2C795d56776409B37928F0b4CB,0.0005
0xf698F63E9a037C3594F74828B5479766D484aAD1,0.0006
0xcB4447d63e7e507994BceE40f8beB786eA38954f,0.0007
0xFA64E2E88d5d0fd02a81F80EA66e9e82b705e505,0.0005
0xc975Aa25DAF3E058c079F0f410D5b0671e345b1B,0.0009
0x57E9a558481DE6Ac0ba40D46b1D468ADEE7C2aff,0.0005
0xB319419Aa29c4FD6a3E8049413ca75a1011fd616,0.0001
0xA8E622BD3DD0B8E81959996d8B1Bf74D208D025b,0.0002
0x4449FD375E39e8d460fc9Cf3b02A76199467Cc34,0.0005
0x4F4b445739d168D70842a22370701cfdf6659e11,0.0002
0xFEc13079593D5f3dFc56Ab10c076276f6e1748B7,0.0008
0x3241392b816316B43985dDbf9DDc54e51aB34645,0.0002
0xaB6aEFAC44996a034F75692B749ba30BE1e738BE,0.0004
0x2eA703FE97A5c57b5Bb83D834c9CE84e430bcD5D,0.0001
0x8fA1C7b61444b4B788C29A79e4cEa244A40CdBaF,0.0005
0x2c48824d35d910a2a20BfDc1d5d2c5316c85a554,0.0001
0x096db9aEf2A41c0500cBC6096C87dA78887f4625,0.0001
0x76563D2Dfe627b10a110AE65e54932A8F9D11828,0.001
0x27946E667504d768814604f0f1222a7316A75168,0.0007
0x4300B535EF72Aaa1beA392d337e1bde6F6888b4c,0.0008
0x9Ac712A72F65237109e5065d1fd01E82eC33adC6,0.0003
0xEAd23A5cC3C48CaF1c40f6dd18678677eCe6882F,0.0004
0xe0c124790A8cf7127de277f3896E075335667135,0.0007
0x7de2d78273809C259403183135740a9D10942CD2,0.0003
0x3c088CD03799c782B4412a813Dded9b611df851E,0.001
0xae0f01f82c6aA7e58012DC87F14c78ade247e82B,0.0003
0xc6d5A124C3167a1f35d238cD2F3a89E69C878794,0.0006
0x8366ba1AEAC0e8cdc6d8fAB5d741cb85a86b5c4d,0.0009
0x6cEDFeB28950EFf19a82644517De385b4EDe4951,0.0006
0x1B8C8C9A5f00132cb3CEbBCDFdb13BF99Cb81Bad,0.0008
0xE53073b027a5F5Ee6C30bbB6009B783A157a09E3,0.0008
0xF8F1D8bc0167A32E0037080706dc2cc5671744e3,0.0006
0x7518fBA4A3f9E660Fb78f01CDda3020a886c7F14,0.0006
0x06a177Bf29f2dCfA861dE7516350808B06EB1cfA,0.0007
0xd1Ac937af22CD56bE0e7dD79C1747720E7CBaB62,0.001
0x60C3d1d4f4b48BD7AAF53F9d3e80308FdE529853,0.0001
0x5308fBCb2aB2fA2Fd6e762d6b53E73Ce3C7124C3,0.001
0xf23A3FB0E107F00b78FB5F91F32b159fcC6892c7,0.0006
0x85977BEeb9Ff809470F10F4D81885247D7719187,0.0009
0xCb4C83337ACd5d7BCa2526Faa4744dd98764C2D2,0.0006
0xcDE6deD8310D48b993A1eA8dcA0B3fA553B08633,0.0006
0xC2a3f0E372Fb82f8D299B7355904f225a0d2f689,0.0003
0x284565828f0172D8fC6C7a4A21E8Dc7C2C465C2C,0.0001
0x8373c636530F369F2FB995e69c1c34f7bb2557D8,0.0006
0x898c1CC40432282B0f738939C1CE5D0c2aec0Ff8,0.0004
0xD812D1D30aE73d19a736008d364476EAC876dD27,0.0003
0x40Ec1a3B8cf6C219CF559BaCa8d9b3372Ea32f45,0.001
0x253d17F106b1e75798e869f6ade74d6591DaE3CD,0.0005
0x39540281fe77E8F843c5A710D91bBEaDBeca95e7,0.0006
0xE96c8c56da4a961152e35D48803f104FF879bb0d,0.0008
0x6E0E663141356e5f8C99980195a09b55ffCF2ab3,0.0005
0xe3e194ced6fbF1B533a4f2F70BE9190a4565D8e4,0.0007
0xc9Db15Cb8a9D8265fE502E1ed28A2Cbb1d18299d,0.0006
0x147D171E82f83B591584085A2f88ee947271D17a,0.0003
0x5d2Eeaa2d36e7B720CaC85F813af5f9D9e0C969B,0.0003
0x8250f6c5D1049363a016C3802C80D94258fD234a,0.0007
0x3A90ae411a930b6ce0dB966d6186A3867744EdcE,0.0009
0x5B8131e16Bd551cA5D8f3Ccb69b8B4569157bC7D,0.0009
0x245222E88975877898673E8678896cd49ebDeAe3,0.0003
0x737f420B5ccE25F359BD1f75aF035bcF86529d7c,0.0009
0x060b7d62B899C94953930B8Ff60D4fCE181181d5,0.0006
0xdb32c256b2e7F54b09F75Cc4b3A7C2D33bcEA418,0.0007
0xFB1F34F79273C751D004f227F7ae5fa15976d772,0.001
0x1401C788F2F7Cd051eaf7e128C26697aB23e3025,0.0003
0xf53d990FC90ad6d40699b7D0E5b5C54ed4E37d78,0.001
0x8E1C0019047c4Ac8DbcA6010FE7632F56fA110bC,0.0009
0xEb41D59f44D18928466A3D4CfF2C68A9D9E94919,0.0005
0xb16c4043535bc258963c9a676bf956C7e4b0a133,0.0007
0x760F486FE98Ee9d69315B07389aFd953f32Ce0d7,0.0009
0x16daC78Dab4A78c8856C2C22dAcd171d680562b3,0.0002
0x287c0b5dE56542B9afAd33bB276E321E3BCB10b7,0.0003
0xd5049eEf4E70dCcF53dF640EB70281289bEe12bc,0.001
0xDe25629F49C116f6c4FCE66BFDd5877603e9b835,0.0005
0x35330b2376Efe5e92c73f92d8dEcB4B5cc97f825,0.0008
0xbe9c5D9441085FFB0508a428Be911412a81e7eE2,0.001
0xDD7914fD7091C887E7c497364DEc4783f9288F6D,0.0001
0xc57cBa640D8fA8523cFDECA267486e89b44e8aD8,0.0005
0x214aD71E58C1b7c7F034b0304B695b3E4219F3B6,0.0003
0xD858cEE0dC4f12cbfe082419Dec650782695EfE5,0.0009
0x62C776482f1524402DF3E6b21411527320b42170,0.0005
0x0bfa752AC3a69007FbA7Db3a9903d0E9362DF5d2,0.001
0x3259A15D0BCB00EC9681E6174FCc53E125165D9b,0.0007
0xeF49117deF234Bc6E0084749074AdC555d3aBc9F,0.0006
0xF89DC931DF046e7639c11DEeea8E20D05067Bbbd,0.0001
0x82CaC584D94c3462E5F07486c2abd9Bf194F807d,0.0001
0xABFEdF7e430b3a83b214aA062F71A3451fEb4d2c,0.0002
0xec7ccD4b415E0F755319871F935fdD1F2E0B899f,0.0005
0x37F323Af1Ad7b1a4c323CE3926fbf8b91754F3fe,0.001
0xd077e5aA921509e60E407837129B7cDA177587a1,0.0008
0x3Cf8FB941F6ab86F68c801F5F0fa2DF759078034,0.0005
0xF4Dd07Ae04D13A9f5475130690290A943Bd4AB49,0.0008
0x96049015d75c85C05EEFf9ac373441693d528fB6,0.0002
0x0f68Ea244c6Bc2F17c6c911e3C4F59dc1FF14B22,0.0002
0x99C9ae7B1553cd72635CEeeB270A4559bf9c99B9,0.0006
0xC173c5db7E348c4C664E32A96861a03851a3E903,0.0006
0xb84c1c70b6c7f22dB3C3a3a4E953Bf0521da0b48,0.0007
0xA663CB3AbBeCaC557b5E6579FD2f099A6A5fe068,0.0001
0x5f9e26CB670Aea063de4c69FAdb04B5A694ced5f,0.0002
0xbB9cBC3c6A5B03E3D8430E68A2f837Aa8647dc17,0.0003
0x8B0BEE3699a01c38f6eF876d3140d8B7B4Dc3eC1,0.0003
0x12B22af9516E1D9c30e37174B25d456aC9a82C9D,0.0006
0x590F7Fc874766860e19802e71998cBEb348fb257,0.0002
0x44c8B678bB10afbfEed7786248Bb83a0b3b7100F,0.0007
0x543d2022F603d0259B2d7A1B12Dd8518190941CB,0.0006
0x792c01E973E12215A9A07c6637a654D41dd9befB,0.0002
0xdDD6fBb4ce16a59Ed0B3f53EAc8322Abc3E89722,0.0004
0xE6A1e3F38B664DFcFb2B70892a29B8856F248AFd,0.0005
0x52BAd6F5202fA3552Bd0C3BE893712AC7F5A9Ea1,0.0001
0xe3c6e02C1510ad61b204e7912E08ED15265AD0D9,0.0002
0x9093401A857bD2A53120bfaA6BC4916EAd59B1Eb,0.0006
0x9cFFcf67C434DDe187E3b8D057F1917786a166a8,0.0009
0x9681cc56a23875Df3e1496970565fC4e13D68Dba,0.0009
0xA374a6Ab608DF34aB8A40cf1ea77fA69D32faa82,0.0002
0xe460DA0E1703f081aef606e2cAb475060f381782,0.0005
0x14a99A87459e05371e733cA81c323d20dd5C6c71,0.001
0x4Bb7D6abaF582CBbFCf24BdD5F5ADDB73B611b9B,0.0006
0x6E751d0C8e181533A4B0A622B7148EA164c51633,0.0005
0x8188Aa69cA71A6ab1738910215cc69e02F3D71bE,0.0002
0x799BaAFE1A383298367B0309C626b94c92b92D67,0.0004
0xEc4a11232496Bf10eF78E29F26A767c3f41cE6A7,0.0005
0x1874B0EA46507b53459020FC9c4282d2eD52ab78,0.0007
0xd314946af59f87c2cb8f0eb842a9AF2f4F54ba98,0.0008
0xBbAaBE69b7F10714AFcf0636FE244455a1B73920,0.0008
0xeF3f203D911C9e8F7444dA0D485e61a56AD4fC06,0.0009
0x5B2587442b814A374b2A7f041dC31b37D99bDBfb,0.0001
0x486E1bfeD797e356A183DC9d4b3a62cE54da1186,0.0005
0xB642e96c7D1bCc91c0F91281A57c80842173D77b,0.001
0x85C226983afEf873b2fd320f6b36a46718bb70cF,0.0009
0x969ef82DD840eb9C88Efb5d519e28e3ee83d46B0,0.001
0x1b079494A1c5f1282d90dAe30ac6278e2dCB7A15,0.0002
0xAaf37873e7488564aCD7b5aB0516289e19687bFC,0.0008
0xe8Fb3BBe481a1692e44C7996d5E4Bf0cacB67025,0.0005
0x0E10B93EC2Da36Ef7A3C488d85C97f306338d228,0.0007
0x6236642D2A5E07223e68e84c8a16aB0A1d45B695,0.0003
0x361f5961526fc73baFB1f391E65dBE45dAbCAB5e,0.0009
0x456C8f66DAEef786aF8E8541a8d2cB3f05c46132,0.0003
0x9473c740C936CfD99a18645313D96bc21e2525d2,0.0003
0x1f54056802DD98477eE039EeCF6D290043370CE7,0.0008
0xCfa19f0794b3008C30E49096827567080a12458b,0.0006
0x2bdb6558bA257b6A9b30d123587B9B84C5bdfC19,0.0006
0x2E138f0bdB15B5ACcF895E6b248a46f85B2Fd6A3,0.0003
0x05E819d3fDA7dd35a649781c5D9316DB391B7275,0.0004
0x14777e52E726c417A717109745ef7743A2e6654c,0.001
0xC490272cae191f61401d9687d1e6a9ECf613df39,0.0002
0x99926F37A6E62c3972F591E325D4964dDE7E6510,0.001
0xdDd49f6Bf058fD57d3Fe555D319e7Cd81979334C,0.0008
0xf8C2FE881F719f38B3855973F7B25be93f535536,0.0005
0xA74089c6F8BC30E4921fFb913992a60D325f56e4,0.0001
0x352AF5c427660420db68f65C94aEb1dDA1c16268,0.001
0x2534AeE79004929330A755DbD6484625C99E44A8,0.0008
0xF1bb6d119FADAA7F013A1AF69EAd2438BA5Ce651,0.001
0x9Afd1aEf680aF9349eb09E7f4391A4161d29A80e,0.0005
0x76127365f400B6d5B08E4f877775dDff8EE36fD0,0.0008
0x6C9CfFBf7e00dde6b80426AfC42ee6F9a412d39A,0.0002
0x908FB0E737167c496c968471c1585CA73061718f,0.001
0x15dCcff52a0B7DBE21092A6f4D444ac22982FB39,0.0003
0x6820CcD26A03a95C0D2FAd8b21ccf551c7cA641a,0.0007
0xAeF6F6AA894aA35361586c2560fac11c63756A60,0.0003
0xFd42440AF52e1a15974Cd2793dc767cd1d805E3f,0.0009
0x439F3dCb222A48d66AB7cD681Bc0bd42dae9Ec8f,0.0002
0x398C548229D481C659b47B488400A0dEBfD80A5D,0.0004
0xDB04F4Ce766559a66419bFC627890f260d7C5b09,0.0001
0x1a7c8320ae5CE5F60ed1759F053Ef3C9D53A21D0,0.0006
0xf69E6a7918c0f98c3bd676A8A820F946C5202b1A,0.0001
0xEE3275D1681ef6bFdDa429Ba3F6B88ba891DD7c4,0.0005
0x1311f50CBF990506D880b37FBBe26B25ff692C8D,0.0003
0xBC326209F7761a11DaC8FA2B157C3A20434015d4,0.0003
0xfb26c26E395181DFc79b21BC29C609feF34767e5,0.001
0xF5001d091CeE366F2D9AB9904b18b5392b1A9766,0.0006
0x95586E378801f6cC5310c18FE9Fa92044657275B,0.0008
0xB15866Ad50f59941Cf0D988F9d4548659779ECad,0.0004
0x3046BB6eC734F258aBe91374e41870C5a86Ae27b,0.0005
0xC753f6219DdA4B6dD91cAc6f9E99381835349E6E,0.0001
0x25F9Bf408ffC3971e80a20CE20530ADaeC84b75A,0.0005
0xb6E20dfBb248800B65FDAd16B48520fD5aB6AFEF,0.0002
0x57d695cBC064eFE95C41A4E429c405BB57065bdD,0.0002
0x80866cF555EC8057a33E8c35952CdF47569574b0,0.0006
0x75163430Bc039E6ec5bFF6717E8DC658c3F791D2,0.0003
0x8ee3c2805e057440131aAc9e55D5B9E3724e6749,0.0002
0xd7aA3B1434080Fedaeb4CD4f649d301872205D14,0.001
0x4507bde609666Bbe182BAFc3Ebc1115b160B6968,0.0005
0xE5059D4f2B2C69CE5CA6a94E9179CCF957A84817,0.0009
0xCeffb1e802609265940fD302b95632C46EFA649D,0.0007
0xE9309d7250eCb70Ba179ceeA9eF83a228e1F90be,0.0007
0xC7093AE55D8Ab74aB660d291582CdCa0e1eaF8cc,0.0008
0x3F645528D061e65dcED52534af4158dcc7918469,0.0007
0xCa176944986eA42313805Fe817599D5fC0508aCC,0.0008
0x74E80bB32cB113dca3bef6Ab49a116876AE0D9d1,0.0004
0x41d609D579369AFEAd31F837f753587E5d72cb3E,0.0006
0x48C4750986A38B0A64659Df97F928685E4838D85,0.0002
0x2025e3Db5aD74aBB1f7C2664a07EB40B3d2077fB,0.0001
0x9Ffe9c8e672723bcc7ECE00bD7b0da07A0E38791,0.0008
0x37Ba2A30c03A92707762753a2A6507f39E5e7BC6,0.0003
0xDFF42dffb31988b47d271761fe8C1c9bA7b82baD,0.0005
0x22754Ee5A412939502f3b10a60398EB8BF977bFF,0.0005
0xC27498f4b6459FeaCE8644Cdc209a966E08d03d4,0.0003
0x7d53baf437240ed76A4d49E5cb44DBD5D8fc3294,0.0009
0x463D5087C22f679e71E079dcf7789042F7DD714F,0.0002
0x9E4031ac42214Da4F466D77D1fb985a084639381,0.0006
0x81C17665E7915686059e9800b5e4BEc52d6994c8,0.0003
0xCC56b793FE10f9f7B66d2c9877cB6f840d70F308,0.0005
0xa008df17a8CB261c550944813B3Cbf31D049B4FF,0.0001
0x67fF105c52B510DF2801f50dFc7362d570353e89,0.0006
0x03B3d4C9C624D422b82CC51134F01F932C6C27Ed,0.0003
0x81c8de4bE44D753961925cC7e901321185a2c539,0.0007
0xB267a3345EBed025B675A89d14D104f59838c682,0.0008
0xE0c3768a699D21095c0f1372F622f76f22E54b1e,0.0004
0x5A4978aE50c858A52Bc2D6D04BCAF2BD1E4fa4a0,0.0009
0xc8FF1051232e5e545aB3614DcAb5580319cbbDa2,0.0005
0xD36384229D381EeE5f181C7a0cBf587ac0E0F985,0.0008
0x7FE99a9B59805E58CE07D268dFF733fa7aA22985,0.0004
0x8d8ed11213D0b83d9B2971AE2a90d41F550A38F3,0.0009
0xF49211AcbB7f8983264E75860cF1e16323D137D3,0.0006
0x88eda772cDC322D1f7c0b992DCBBB1d1749A9dc5,0.0006
0xCc2f972648113D8c315aa140ab52B3e1Fd29A993,0.0004
0x04Ee8088d2e481fC15f7bdbBf9a250F560270D86,0.0007
0x6D003b1Ffa60e9c8e7048347E0Bc380EE3cb3868,0.0007
0xb37C85e8c505E60b4257351A4361aA99521D5d0F,0.0004
0x571cb8e9e0B7b1944429e3736eEB9C533B1ED85B,0.0009
0x54441a8Fe42698A358D5cD786cFD9738100994aE,0.0002
0xbD601f7A50ED3b863fEe662b306683A5AD639633,0.0009
0xC602A10B777cE8f78C472608aFD3B5F9994d377a,0.0003
0x3566672E6446144e6F4A96DA3a20089fd70b11Bc,0.0009
0xd78ED6c48238cfBa4dA62aAd4abBcD22b3f1718c,0.0004
0x162A572358C6aC91017D476766F9696F336DE838,0.0006
0x4Aa4255e6E105e4b75e272739Bd0948dB62Ab4D0,0.0005
0x43C8896F35e2EC097cC89c3a8a734145eB740F7F,0.0008
0xde7709BC18Cd1Fa52f727fb61f44164A87A2e57c,0.0002
0xD6F05Fd14D49C90344Cf942F9FeE23f895CB1D1F,0.0005
0x51544ADea8fD5e512F15D147290bc8A48E296FAe,0.0009
0x575cdA3462cb5E2f4348F33b125Bf3463306fBc2,0.0002
0x35ecf0F66950d3219afB26bAb481952727407EE1,0.0007
0xe204201b27cCFa29FcAbBf0Ec1f9E06bF39c6e21,0.0004
0x4ef2EDe387516570e1B1d45242bC8ccfb8FE9E24,0.0007
0xd0Cb97171245b869E0F5FD0d0c08EBA238D4006B,0.0007
0xf3791234e29bf869B14755Db431381009261D66D,0.001
0xe5ECf296914485CE4fe05A536D32e5e871c7fbFd,0.0007
0x10789Ba3D084c9D61a68d017Ff20FC3FE9D24BC3,0.001
0x6cCf55865Bd265b6850ac20B4afC718347d4cc2b,0.0004
0xFe8e969B7E45332924161D200E65c9ec1A88B394,0.0004
0x3b19Db688EE64cd8c5B656952463a966DCbCb539,0.0002
0xcAbb2688AA63470BeB841BD869D0b8115838Ff54,0.0009
0xE35683fe2Ed4bCE81409362f3EA65D8Baaf40b30,0.0007
0x46Ea3CBDe02D330c30AFb51e9B2cc2788b8458BB,0.0007
0x640B58561727C5CC64763E58074d1FB782360053,0.0005
0x7773bC0E61dD69FE523cd83653eCf41203d82f2e,0.0003
0x352faE92Cf24a69311eF6ED55Aa1960fd1A2073b,0.0005
0xC0404933Bd3aa204939bF41266Fd4cB705eA5CDC,0.0007
0xaa22F2419ee02fA90DE5132a965176e5B8FF66a8,0.0002
0xDC5D2b3c49e03048f2F97FE360207a3883D66C9a,0.0002
0x461d24A610cC7A18319e7976F3c9f912aA5092eF,0.0005
0xB0423b5d5E76d7e01E45D67CA1F4675C724d4CF0,0.0007
0xe490d1B3aEe3003895BAE077af1bf8bd39240285,0.0005
0x997a53d2375d737Da3615cBF3400E7dAB825e5B5,0.0009
0x01DCAEb505f64BC40D61cE62FF7099B86778eE08,0.001
0x22564cd1E817b8faDE463ea4ceE7A2b33749459C,0.0001
0x2700004270fFCA9cCB0AA3bcAE7F9df814259198,0.0005
0x368250639EF1A9DAeaDA52BF43d004c0DB225e9f,0.0009
0x98f98765Af74124ad4Dcd512b616f65B16e324E8,0.0005
0x66a241875bDc8340CC826f3196d21E5e1f02d154,0.0005
0x46f56be86a8869846806d5aAa8Fb2958B1b5B195,0.0008
0x90F5a57F5405D6Af44d5dd35a4e6078107a10671,0.0002
0xabB667Ba5A06559A4f7241A7e2292DAB0a4c2883,0.0005
0x07a2c4fA54AF73E52F7913C14C32AC003e652771,0.0001
0x817b6FDa98693a93DA127942fea3Cea9C09e6Ac9,0.0002
0x84f779C961fbA2d1512A1F61A0bEAEF49B619996,0.0007
0xfba8538A3Be87e38CB781c779dA58c9cAaAab8Bb,0.0002
0xF7398EF871bAbBfed275C1bE17351600b1E4A5B8,0.0003
0x1621C18278db5799085D9cd4F6edbB74179Ce804,0.0002
0xBdB4033b0b4A28d0d6E70bff5fBA24798d0382D1,0.001
0xf90A1f18F029a119b75aDcea63958D84E5Cc1c8a,0.0006
0x32bDC48d8990450FcCb920a2b7C1CA304E60D4ae,0.0009
0x8eEcc56e0076c719EF6D88dC75A4Fc4DEB93963b,0.0001
0xb4cac3C270be4324D85016Df77dA0C1C47Eca13E,0.0003
0x607c18aeDc35aeb7cE78772E300B249ebCdb44E2,0.0008
0x502bBEe49bfa240b6bf275ccfF06AC97eBc8e230,0.001
0x61Ca733E16813d4E56738BEa8CD98BF490144C37,0.0009
0x003E51418010A438038Cf25DFA7aD9866f4A34b6,0.0003
0xd595ff1AbE72E0413eF6B7890D52BEF062738ccd,0.0003
0x356b80cB397Cf3Ef94DD352012869681D933b930,0.0007
0x012fF52CfC89FAc5CD8AE30b04177219A4446CA6,0.0003
0x72a1D13F7b8c3ecA5A2Fa9B7A90E2a3DDB5C1065,0.0005
0x73f6f74b1B96C275583b4a790E966D022F252609,0.0009
0xF36cBf6FB62128089683be76E8277E02bfAf3552,0.0008
0xe8CAcBdad68B44B78193319E447Cd8CEfFD9dE39,0.0008
0x5C147ae30bF382908C070C664149a19952b87A54,0.0004
0xb0429B087144640625Ca146679c4959F6A0f3266,0.0005
0xD1795a35c3069B8B15b7d618F0a727ede6F30Bde,0.0006
0xE127ffd696F98208e1f62a09Fd824A8B85CA83cf,0.0004
0xE746C5e6feFF2F044AB284d16d8732fdb386b9bb,0.001
0x38AAB148FFa89cA0c71C9972D06A7152b817C889,0.0006
0xD18A03a9d2BEFd58Af841168fc485b686699b971,0.0007
0xE5396FAbfcC15cF2a015c64c977096a51B30D767,0.0007
0xb48b9de8EFe80756Af8502BF0D7226e2f89cF71F,0.0007
0x4Adc3ab6Fce7Ae0b5d1c8B789398CD5F896Af019,0.0005
0xa30C6f2B87bD2b5fB562b181d6a8747d59DeBF78,0.0007
0x81feA531fd2074D15fBB5a09613E23Ef15353680,0.0001
0xBe0BFf92DdD30bB79C60ca6270f2aAB2ceCB0050,0.0003
0xA086C67000B02610e2F92Af21Cd1a02f04dBFBee,0.0006
0xd5E768A8cDd969FFf5fBa9B7C3A6126693b72359,0.0002
0xd92B50FA106FbF619F99FE2986584977F90E39d2,0.0005
0xE8950D14D1e0414EB6B582ecc91046fE5d897CC6,0.0004
0x5aFaA408d3a3912a321e5afC1E783bCc539227f9,0.0002
0x49980898b2EF3F89166d28D409Ea7F1C790858BA,0.0001
0x4eABf1D3A0c0872f3870Ef5B63d6644F1BBd8728,0.0006
0x47228ccFe605664b597703Ac552Aeba4bbfEd1e4,0.0003
0x62Dd51162cc196418B85b2E4A3b7d5c96a31a30f,0.0004
0x97DAEd20aEC16299099007B20c310d6d29043c94,0.0005
0xb78A210431CbF382a01F841C97332fA21c0a390A,0.0007
0x73a0f834779F5e0E6f7aB06260af949A0B5BaC9c,0.0003
0x352961972f964A3F44DD216E1cF6ba7a253C31F1,0.0009
0xb9839Bbaa28586CB2150F05C8A65fdf1687C139C,0.0004
0xe41cB42d10a9B36D650DC31910788a855744a983,0.0002
0x0D16f1F863856464B31e0758F02A8a8B30f5D04e,0.0004
0x6674208A494F695710c46b3691D3B01c278D24fC,0.0003
0xc68D083CAEE15352541E709281a380bf3386f828,0.0004
0x7C0F1fb7e2e1E359a3d44e3f0B2013B523f09FA1,0.0009
0x3Cb5a4d95C2f5d172949C034E7e8FfA7e1369224,0.0002
0x66bFE24e059330a7Cb930274dafe58730371c0F2,0.0009
0xA04208Bfb2291F6c5d9F83162DE417A6CC3D22fe,0.0006
0xD628FCa580d911e6bE2dE64551724cd85469B2fC,0.0005
0x17331C769d4793b3094e48Ec96A2c101F102Eb7f,0.0006
0x7E463b75c43b766c12Ade7CDc15635f439950C3a,0.0006
0x9DC23094d5469994b0F1d52A7acb01847524Ef93,0.0005
0xf36C1C3982DC5ab1eA149f24AC595B651c956588,0.0008
0x36a43DacACD06Ddc69EcB5131FBbC6e5fEf9BD41,0.0005
0x855547dAc22A0Af72CE2d009ccB6623e8281F9e0,0.0008
0x39c56aA6161A45e425e89A18Ee32C1E6d94079AC,0.0008
0xd54853b51a9956babF4b438D4b3582A5788711d5,0.0009
0x0170A950C82c7150f08EF68c424aF32c3818d254,0.0008
0x0adC91C0126aC2a1c54c499f1fe79DaA3B450FF2,0.0003
0xCDAb7E50e8233AD6b7540E36ce68280A4Ac88B38,0.0005
0x56FC0e50fcBab5C49869308e8B2c096db02Bb41E,0.0005
0x966EE5008E1aA1B625621879d4C757DD0152f4d7,0.0008
0xAf8B61fB8EE918F1aC68315648F962e78B67A31f,0.0005
0x2701C0d8A13d5dcB912414Ea0a2fba1B6D653224,0.0007
0x7737d3d10D3A3108499FDbB5c77f6d75BA59D29C,0.0007
0x3A5666eA01032572Ae1A746fB04Ad7CcbbFb40e7,0.0005
0x06350ef85F984D99122C69E70064E79E43148bd5,0.0002
0xb3ee7c67E46bA0d4d116B42AabE6e3f091e9a127,0.0007
0x39638Feae6a8006d9aa6D90c161422D53de1FE49,0.0006
0xC6948DB62C6c96Fa2Faf1D9B5b53892629bA933c,0.0001
0xb2F2b3C304De51a362244bd8185e98860EaA3004,0.0008
0x674D5F03E532C5F02bD1d7815566B407b4143DDc,0.0006
0x1C37E9e666a771D8c9E194540755D475Bb5cE757,0.0007
0x492664b24ECc59D14ea0f94Ae5bb8FA59E9DaFeC,0.0009
0x46ef5bd470824F8c49fd1dd6d0dc0451961D1595,0.001
0xB50542b1225A79C3CB73e875820611FF0596Bc08,0.0004
0xEDDB6aafc7E9ceA1172B82864d96A64E12310C5D,0.0009
0x85CB46CF78e90302E08EB9e31E9Aca6e1Ad2FD9C,0.0003
0xe816a6f194c6DB290658de0Eac9F016CA3C7C1F7,0.0002
0xc6392Dd62D1Bfc6e9F36387d3E8384a9e8c09D59,0.0009
0xDbe0FF3f30Af5048026AB139d3103494F64e3A8B,0.0009
0xcB26323A028a91AA71ac936a48bE90B8C903c71a,0.0001
0xFD7e240234297a68Ae175A2cdF8062EB97c08511,0.0006
0x103CFAB9B4AB1696229E812a28040391dBA2FD45,0.0003
0x7A35561f07CC4F6Cf798938E85C9cA5698523e61,0.001
0x714eFC4C735fCe5Ade061266be16E1a0765eE1C4,0.001
0x78F426eB320754D4C93471c17D482B1Cb7cBCDED,0.0008
0x4667090d3EB183Eb0Ad2C124996e8f81EC98fFfb,0.0003
0x0fEfA8e57b6772aDAC5Ea0f9fA7D49971D20A0f6,0.0004
0x69181Dd38EA0487b491f4a86d980A8DfD6ff571F,0.0007
0x9Ac2250672CA65C56Db4006D833b01b9FbD78073,0.001
0x3EddBC2597339b7d7A69555ff261f1f277d96cae,0.0001
0x78B1a6FaAf816BdF86Eb22261197fc91E421F65D,0.0001
0xBcb812d6754a9685db9Cec0b5E851cC04207AD05,0.0005
0xD04fEd7906f2F59B2a4a9d8D0D4aD5dedC8C6d45,0.0006
0x3ffeE246fa7BbE333285ffE1E19180B372278D53,0.0002
0x265c78eFfb531AaD4ae028eC833f394b52a8bf76,0.0003
0x18885A4eb103339732DABfe1A7De1364b1028029,0.0003
0xd7562ba721fd6b6a7F98EBAa54ECCe39c6B53587,0.0005
0xDc27E4D94DBb0021837A2834c242408105D6a12b,0.0006
0x1B368EDe779FBD2E4FD0bcC70b8647dEB7a252Cf,0.0006
0xadC5C5f883a46a94B8e118D2D145cfd24cBe3b04,0.0003
0x1bd0650719F988D625b2A9D67637Aa1cbEa218b4,0.0002
0x171E24cF9B7e9887812bC927E6771dEaEbaD1465,0.0004
0x66e1b9Ab22a1202f3c5E290390E365891c3B6e8E,0.0002
0xF38ffA540FA825a5A9e2Bb0c376cb1B69e1D2672,0.0009
0xC6F2a750E24943E7fEa3e83EdaC302fe575c79f1,0.0005
0x630863612e95f034dB485D520D0BAC857CA1EA5C,0.0003
0x4acCFAfc57Db32cf287C92B978540ca15FbD6476,0.001
0x98CFFDefE783A742Bf71C0aBBb48e7b271c4f606,0.0007
0xa1cF9c59938E8BcF874AF5e437b94A4e606eB1da,0.0004
0x6690b1199a4edc6FAa4259A0563c7853003Cb1D5,0.0002
0x005586Fc36CCA03C042f96f8e2DFBDA61389ff61,0.0004
0x6d8b3e75F84104a73a754af4242C5F68E43e7cbE,0.0007
0xDCA63bBa8c07d9302D3089D1fF496b130bc1bbE0,0.0002
0xF7C78e850864Bc11DDddB6dc5631706c00F9A288,0.0008
0x3bB500D29A3529d089A501ED4C440755ee923a3A,0.0005
0x2c3772F120B2580fB91f3A159e5Bb3e9F94762eD,0.0009
0x372960e2CcfE4cCe4548D5796583b42D822E7321,0.0002
0xe2027bB1bd49849789f2872839481FFCACC560E6,0.001
0x47d1dE6eF040F68676373fa1ECdA577Bd1a069ba,0.0009
0x50eCc89F9C26e23fB01513A995f2886D94472933,0.0008
0x0eb7A3271d535D0114B22C9db0EB47ffD24E398B,0.0005
0x55514E916F7d44B2e2bd01f984e8aBF2B980e35e,0.0005
0xF22FBEcEc0CD5A6b889F4F205768681a46Db002B,0.0006
0x6D91Eb026e37482Fc915D33763d0e913B42bA47b,0.0003
0x2227AC243C704DCB853CAE50be1EF791f050A5b6,0.0002
0xEEcBB0025370B8A4E6E338BE45E7e06b25FC130B,0.0001
0x7a6Da6cfFD6327483BDB2417527828bc83EbDd1B,0.001
0x6802ABa795449D031319D54F652f08628e9b1ecF,0.0006
0x3D1239A41Bb0393ACB288D58c39914207E8f6a21,0.0009
0x6d3e67614763593f7DbC2043403C41ed897E8F04,0.0009
0x574a3FCa7b86F0c20EAD3CCA8e3040cf3fdF1F50,0.0004
0x53d0399Fe9EAb302819a85D85076a1d0Fa942c54,0.0009
0x2B4e10B3a4F1155931b1a3b32ae7Ae4cD94441A8,0.0005
0xa697c2C96a41Ba9Ec19f7184fFe75603D18F9bA5,0.0001
0xf4F799199d57999b36eB8a02044E55961dAef5eB,0.0008
0x77b87e5c23A0474B1C47193754819b1459D9a1C2,0.0001
0xB8334C0bAf739AF27bDDf9fB2e7c13719d0A6434,0.0002
0xD9306D960cF8485F816B6E66c3a3548E2F756452,0.0006
0x2A3688cE7cd877405DaaE255982358da59025c8B,0.0002
0x660D868ba877621DeEec51a7A07CBD676B75D147,0.0006
0x1a9BfCe87D0CE820dad2aba29747D5F9cF991725,0.0003
0x0A36fb1f7834315EBc732221BA8DAA1060898904,0.001
0x4319C491E4C403aC0B2773DB127e53307C587552,0.0005
0x2620D6D4f2f53Db08B8235F74da2A7dAb6212845,0.001
0xdcFa667d782F0Ecf013637594b85DbbC0bF396b1,0.0005
0x426AE094A1F50da86863C6eD671a60b85bc7DbFf,0.0009
0xd1C57c41B058e3c132DA673338642C04509d8FbC,0.0004
0xF4f4f9140DC0694e6A90cE24EA43392d7ee4320d,0.0003
0xc6c5EA416CDf6B81E41a84f65E1cf84778F2d3f4,0.0005
0x12989bA4B1664fE91fA0D7DB02E394fB942E0c97,0.0003
0x333e8B1052D0c4a841d517C6Af88F77b81e317B9,0.0005
0xce85e48fd4f554557ffdFBf2847d07b600e3525F,0.001
0xCad80b1b6d2156c03c337E2031567ba27C7EAf22,0.0008
0xE84909abC6CAC0D1b56a93fA1a93D3EE3c8cFC56,0.0005
0x2003F7b1388C4fB9823De47A6256011780ABE199,0.0006
0x64DCC74aFeD5EF3FE1Ec403497569Cb04ed750A3,0.0003
0xB33Ed3eDf96B7c1ADbDF7ed580F053188AD17186,0.001
0xAea78779280f3609bC7D537f503e5A24413D7325,0.0007
0x69Ac729e58142DB478A6443860a2067D2Cc32472,0.0009
0x1220f55Ea6275a2c047b598f7FC8b29E8431587e,0.0009
0xBA753467f02f734e45A18732adDF12e5DbCD5D8E,0.0007
0x6569e40669D2704C891635871F6fCeBDA46B3bdd,0.001
0x7942f96CEC49eC62A10735a7accf71a820Eaf4C2,0.0008
0x18868F9dbE1a6A12aC58DeCB9720c7DD0927190e,0.0003
0xd1a86AC4bcfAB07508A0393800335D05d85eC55f,0.0002
0x2774157b652480e56C07c2183903dea3cae4E39c,0.0009
0xCDA9E588086711c3E53F78431A5B356DE7a096A7,0.0009
0xe8149fD8260777250b54658cc03B5c5f1746Dfc5,0.0001
0x3b4E77A44d6f3aE0eeFCAA7798f4a510bE508a10,0.0005
0xEc6Fc4f111692A7f26D54916e9E0eDF029B9C7F2,0.0009
0xbBeDb80201C9Ec625e983cCA0668A6d1901602f3,0.0004
0x6aA35a63c49FAa7dC3F53491b93C129BCF44b0F4,0.001
0x5be26dc269586396F54DC29e5f43FbC83303E770,0.0001
0xc0C2fBb981AbbDDfB7dfA0D94C3E54Cf57E499Ee,0.0005
0xe2A33D4562A40FCAD43E12f975B7F1dec7Cd863d,0.001
0x48C91638302696571BcD0370919d69F41649c526,0.0006
0xc88DE05849753eC70E5C89a793B22ae9bBf3Bd59,0.0001
0x606c9dCd971680C8bf80192e225F33D3A06adA4d,0.001
0xEb26601217F0B459551869F265292300800EDB49,0.001
0xC384CA549827d0e9d481AFfb845d6A8c0c510df9,0.0008
0xee761bB1d0CE27667Edafac8e8f7585bCD6f05A5,0.0008
0xd25C932cEfC5cdfde6782b15Be7F446EE1fAaf98,0.0006
0x0bE47ad54Cc15746199E8F7D32d89506da754d7E,0.0005
0x9CD9b47ae343aBA0da8DA829eD23275cDa41222C,0.001
0xBC5d4a4ea0d38c3C86F3c61a5F1E75C670a7e7D3,0.0008
0x93E22E1F55D3686486EDBc282fdB5BB1CF6713c3,0.0009
0x5015306F7a4e9580098c0d7b6DF6311939299119,0.001
0x936A777DB7413D7C447618C7AcDBbB5ff2DC32D8,0.0005
0xFC521506cccF606dadd0D11B493f7D3CA0204524,0.0003
0x7f7A7a1545F06FB4615560F4031ecf5d13F00E50,0.0001
0x40b3A1f26e81C8D7412415553f218A5a64B96F2f,0.0002
0x6F20AFF6f0e8f52ab7DeB531E070f74fA3879215,0.0005
0xd5093e0698ba836a09348892c30bEbef010f3DF2,0.0006
0x2755580bb34E4abb2b1c55612e946161da671994,0.0008
0xcA184A589982FBf730ACa663031412c8261f5972,0.0003
0x634134EDEd544bd69bC289B9aB2a2e94c3a44d2b,0.0007
0x70f66393a4F39f0D9D84E850d43295352240E172,0.0003
0x171D9a3bDEa2B47e74A8990bA5E2d2536D37d049,0.0004
0xFAaA0339de62C8dd4bA1B8b8308C7ac584644535,0.0006
0x8b37B02c3EecBBe9fFeCED637C8107888f3dDD06,0.0009
0x9cF66434B7abe4Fd51a704660011435854a2F040,0.0009
0xDec82bFCb9fEc94f2EbcFc1c827822C7441baF88,0.0007
0x6bD97B82C1a278D37526ce5BdE04f552F2073214,0.0007
0x3c6AAcac724A432d6be855b2C54eFeEFC4fC4cb6,0.0006
0xEeB7cC7F1C8A395473b03954e3E3004cB6a5edFc,0.0006
0x9D2d432E8A4E1dB6B1295DF67A0518dF28Cddf6a,0.0004
0xb536BF5e7b1f08Ee33e0aF251B2A2014E65D1276,0.0002
0x0B4d5F7b64CB7FFb369F5b56FfE35C1AD64fc180,0.0006
0x4512EdCA934f5F380Aa8377A82BC03163Cf7091F,0.0004
0xf62723Cd2abdbac37414c1Cf6B8bE0a669F6673B,0.0002
0x02B048e27Ff3EFa036a15d193095d992A03642d7,0.0006
0x438dE78040203F2F4ae989b4DB54d772F0D3B5d6,0.0006
0x5f55ca65B0440fE1043D4F5836e1dEfddFBd8388,0.001
0xBA07B3Dc4b47DCf01a87cbAcEf6770eb72c12b92,0.0006
0x33F24c9DD45b082b73f9473f9ef8B4D42a0fD167,0.0005
0x719205E1b6A3A490923534d9Cd554217aBFF74A5,0.0006
0x87f18935278F5C6c20c2daDcA4f3f246bD3f9cD9,0.001
0x47EBe79445e18D34c2847911Bb38569F78270D95,0.0009
0xe8Fbf373C7a5891F7D1fa0A7E10863E4Da3ec49A,0.0003
0x88BEf3b6143EeDC0761C9d2d51960d05aeF7a4d4,0.0005
0x0488b6811001e28958f4C982a80C0B921d238560,0.0003
0xe4379e96d80A42764DD18DfaB212EFc766C09073,0.0003
0x296C1604CF1177150773a204831f0De6950950EB,0.0001
0x95564D916AB08297ee4CADEDB711233D78Ce0099,0.0009
0x7b4e5F4d1D5116d80FAD3eAcf66D497F47F5b900,0.001
0x0167797cB27ba169796Fad7e6a2928D7bC2494d0,0.0006
0x450cdAf58526043B2C4FDD37Bb7A51B9E50ec3f9,0.0006
0x3F2fD512531FbB2552BEA6498a3602F6a9A533aC,0.0008
0xCAb7401eeBB58CaaA4D86bA2ca8537659820a8Db,0.0008
0xF4A52Eb774929AB163D94A5110041b2D90df2F3e,0.0007
0xa10bBad6f4BeF4529348F71719D0D5a076C75763,0.0004
0x287D53cB2863808dEE7F2a04424E5D36CE96e1f7,0.0001
0xd72B812910F1A6c7407B72db5e3E540d3dfA6AB2,0.0009
0x8E3A6DA1368fecD0400444cA0D3eC617c9835f2d,0.0004
0xFF10A327bE680fa753EbE42031A884f034e54D3a,0.0001
0xe941EB14aa2c373128C20bf41d8e0dA5Fc3ac711,0.0006
0x162ffAFf1b37fD67C452D2c167d681073d802e4E,0.0007
0xbb496e4264e9fA2A5e07ff42D13E8C5151c553b3,0.0001
0xcbEcc61Fb394010505437db571d01E6A5D6759bF,0.0001
0x8431C7223603940Aa657023D6477798d0D17e459,0.0003
0x1299528Cac2C33e954a07C679bF271f44DF67aF6,0.0005
0x2C601a12959D6660769A5a8DcEd83fED5FBCa12e,0.0003
0xE20DedB83ae1C6f82aB1f2Aa0962115923bf434B,0.001
0x5A285695BE7C7AfE0acF38D378995874dF1Ad298,0.0006
0x6048d69201fe7b671f27E391906c5F17646820Eb,0.0004
0x4B4644592DE966b0DD467f4F12B3A913f3CC336C,0.0005
0x2830aA812328f12B6ebbFbB84EeD4E1E78b979d3,0.0002
0x6Daa856eE7A656FE0Cb769FA2c33902ABeA3db0b,0.0003
0x116E01cEeCAd5312B27557d2a5aCd79dC215046A,0.0009
0x831700656D9c2E4dB722cF80e459bf4D6bc04Ea8,0.0003
0xe1Eb888091EE614617f56688969122E934814f8b,0.0009
0xE95c7e7892c09471D7C02cCDB2f33AF0DaFF0E22,0.0009
0xF9B069FCe11289eEa84BDce5C753967258e94562,0.0002
0xf0E1c8068206C59a2E0e75A6E08022354AA2B0F6,0.0008
0x4D16fc5e9Ba2e50B4c8287b7941d30ab268D0fAD,0.0008
0x0109A6C69c9B435b553f986700A8a0d8eF104ca2,0.0006
0x327D83022C12A976E847621c22F4055B4E0011AB,0.0009
0x4Ff308520c31E688d3Dbd5Cce9675790aDFB0a0D,0.0001
0x6D677c57AbA4b34cF912f229668B72C4A2000D26,0.0005
0x4921b6f3714f6A48E8ee6682c3B7D4EE54202438,0.0006
0xfD8F71207c10eb78F58ca2df4158f36fE5d54f45,0.0008
0x43890FE45bF0cA4D199e71EF585f104d5fdb0A48,0.001
0x463DEC1c0f04e19E8E0036852739a67874d97728,0.0007
0x1bc79585E5B532456C64BaA03B9eCaEe3feCf515,0.0002
0xf200257f93368ba54Fb9F5BD8Dc58Cd7b9022CE2,0.0009
0x03e68A0F1870784a71D653aA8E9A467CAfBB362C,0.001
0x38061463904e2fe68a5c9dc74CD78B20f6382Fd9,0.0006
0x2A53ef7b2DCF67F3f0B44Fd2555E8881716E8dbC,0.0009
0xD9a71F6eb2EA2273dD648399bcE9D5F675164faE,0.0005
0xED218C202170355890f1A28fDc94C4832CABeA87,0.0005
0x3670Ef8796d191BD0F296f3Ca3aEb1464dAaEf90,0.0003
0x1Cdaf295Fd323A8805c64D2806399A200afA4918,0.0005
0x8794720B58e0874687e8493bf9AeBa6e6f3E9018,0.0006
0xBBBBFF0A323f1DBFB0faD87320c14e43000a85b7,0.0006
0xC60b1F6FAdd7e0072f19f15D514e31E304F7D049,0.0006
0xC2B4995dae107E7A3AD4529fc50DE7c6Ea353B6d,0.001
0xDCa3b4552b1cC60dD64285AAFC41965470F8C2FD,0.0005
0x8A26996997908F0473C676ccc89Ae7566c7C18E5,0.0004
0x18209bd298A07BF4B0CCbC455Ed5471202DA6EC6,0.0003
0xa2A66Baa5a2a5B2212e16f26e498Ec45c9A73380,0.0001
0x5542e855c49689e6d7f35f793b4E47E9bD8ff64B,0.0007
0x5DF321F01B5FfF0D43FDE6d1B116468802340135,0.0005
0xE26E109d7D39795eD886251A80A2E60b102D60B0,0.0008
0x492D3cEC5F6933c9F613957942908ba7c17b1352,0.0002
0x87046cea33971A8940242796aa8cf894b92A3B00,0.0007
0x1d8590ccd0Fa6fa41549abF00603c7bd5CAA10EC,0.0002
0x0aC0EAdc1e2198566191dddB20EF411380262A73,0.0007
0xE3542B000A07b547c4A9DF3062121d531f9d6058,0.0003
0x6716e6F1D1FeC1B86bBD67C8eC934A90Cd215D36,0.0004
0x16668fd3453BfEAA79fFE49D2474d9D87ca4d7B4,0.0003
0x20b3f7Bf8EAe8525d7A9D244844C616B4B17D081,0.0001
0x23050605c33cAdFc64A17F738928f9734c357e7f,0.0006
0x2299850Cdb41a762fa8bd4B889658Cb25Fb7B7cc,0.0004
0x333F13FFE50A4E133041a8fC4aD7690c1553B906,0.0003
0xcaEBFb4FF0B8566c0504bfF8780D9DC210C02399,0.0006
0x3917c81cf51E09a77c02dFF4c999bFa2CEb179Ba,0.0004
0x98F7E4F96132026e9d0506199F133DbA9635437d,0.0006
0xc9D7B52Ab188120E01720B1De93Cb552bAe5521C,0.0006
0x8C0d2429a982033A67aa5F6adDDdD6D45E47fC56,0.0008
0xF07b6cce64dfD71B10506b7053527271eF211930,0.0009
0xC5bC068209453f5C60977a778c250817Bc9Ad7d4,0.0008
0x9A4D26d6A3d7530B59569eA6Bb72b8540EA371b2,0.0005
0x116B530DD18893a63f4BD249B5998aE6B7F86dF1,0.0006
0x377030597fd3341d7992A1fE01261747156C4680,0.0005
0x695896651D65b2972e33E3ba99a761B2FF81e2F7,0.0001
0xBFD550aA3746bEeaf6d128d8Be8019082453a62d,0.0002
0x9c406edB0642dAbDFa7863B351F2496109F7479B,0.0006
0xA176c6FbbA8174968c290061E7d2ffE4dE3eA8A2,0.0001
0x3D6265a1b670fBF21B7F616ce13d274C08484112,0.0002
0x7c98445Fd903099151b8c08Fa39F8fCe04bDfD79,0.0001
0x00E706af81FB538fadAA45F24B13eaebcFABe8B3,0.0007
0x7Ce1509aC48EEF1Aef6d635F6707943753Bf28A3,0.0005
0x584D5FCc6aff3149086DCF774930dFEfbA9Fb781,0.001
0x41De7db810040DB3c1F0A191E887cB74896dB3C5,0.0006
0xCdA70b2cf1c268541EC01f4d8C4f16125A1E58cB,0.0003
0xe6218684f3adABC169B82f82383f73A2847C6105,0.0007
0x92126D862cf5eA41cC28A8cb5EFd087cEE42EB26,0.0002
0x3cE0C90356Ba71F21B2B81CA485ac7685F51Ec46,0.001
0x21725Af10661bd7338D4725f2B2ec76B7DDe8508,0.0004
0x0b54CD2fE28Bab8d88b435A5243E8b2faa5Cb2eb,0.001
0x17C5f2E411Dc7378a650BDC7cf71fE394b860204,0.0004
0x239349b33808660f70d104BC5a5f2A723bD285EB,0.0002
0x759967Fad6F94abC17ee174bb8643AF02Abb7522,0.0009
0xd65DB8B46938f58Ec91C95C6C6A9910abdEaD93A,0.0004
0xAAA459e2A41d60847bB39F478f06E211AFdF78Ce,0.0003
0x49a9202a53C273f4C8F79c93E43f79720D4a52Aa,0.0008
0x5252E5F090ca582E7dA619BED096Faa5c1fA6c0f,0.0004
0x3a0C00E51Bd3561EAbC0b8DaeCFEfDaBa58942FD,0.0005
0x1e4A23D5a5b69aa5C5348aBfF97A0AA2c08dAf4A,0.0009
0x24740CeC4eF00Fa81dD1C912CF9Ff9B875026412,0.0009
0x8e60d8f7ca1c49Cd3Afd096abcC6cd88c486c9F1,0.0004
0xAF72c97F9D2eB050Fb714833171fC14AED606dE7,0.0007
0x67484ad19C5E166E0D7458EFFa014C730997b81B,0.0007
0x0896FcecD8A0bc351bC48f09aC7Fe37C34AF3af0,0.0009
0xa168aB04d831cB11230CEaB2E01EDa68a0777D70,0.0005
0x69A9EE670e58B8b7b50b035c945e48C37F2754EC,0.0003
0x48B30Eea9D7762E61bf30285cecCA75F1F2ecD6d,0.0004
0xAFAdeb017cfbA7c006686779B8aff6E536d5d772,0.0007
0x7AD045c0691c072537123a7bBF1a02bfC352C19F,0.0005
0xa9cA60d5E72083EE51a9ACC70aa0fbE86D3e86Ea,0.0008
0x92e4a0150F7FC469f9eD917ACaf6307E94ffaF99,0.0001
0xbe38116FCE18fd90388d86B79f9e2056038D7c18,0.0004
0x4Fa434c636121fD44A083F4FCcbdf19172a3B07B,0.0002
0x90d61AF917c2E91AdF34E5A147fdB8F1dfb3fe03,0.0004
0x93e27Cc51c5A10ACd0ef6759DBa45d92dFBF3789,0.001
0x8b3B36A8671f8c48C9f0D70fF900af9dEB9be6a5,0.0009
0x358ebDD13C077ceF86b5390Db1E17DedF63bF45E,0.0008
0xf60Cd1B1db4E7316498F887522009dEFfCc39bBD,0.0001
0xcfc0639dE17D19b0af82CD9c1643785dBD32ddB2,0.0009
0x3a9C27dbE6A7Dc80543398849c1eE5637AC5ca40,0.0006
0xCF1a3E04352822C6ba22Db42d2135392A2a9Ea89,0.0006
0xeb74D93A04A1e9bAdafACf237Fed2252f0DF92BC,0.0007
0xA2A42f9B38D1E32D8051FF6f40d5A76b7592524e,0.0004
0x8aed48DCb442E090b3a59Aa168CE46be345C2a7c,0.0008
0x12806434268e64d99473495C58772a2BA9C674b4,0.0006
0xcFAb4a267F4912d1985059015AdB9120E8524646,0.0009
0x087a0EF0064795f8c1278Bf673fD1E4250dF1A13,0.0006
0x915BA9d8b4eF915dD98Bf693b36413Cd3b895e27,0.0007
0x81d2A8664A049c717277B673Be86488d7f7C59C5,0.0005
0xa06E3d363158eE274A7d92EabD4bB9e980F0B405,0.0004
0xB721900c99f118244cc8352B3f65F3AA20297782,0.0007
0xe5b65c03CA8E98558C90634e301a2FB3C482863b,0.0002
0xb4377eD28347CC2f3acdE8bc27A7246367dbd39f,0.0004
0x7C9080F963771060be7E22b541eAD1D07221afA8,0.0004
0xbB7b0EFD20fbB8366a9dC0D1e1ebb8844528627A,0.0004
0x089d71676e5199847d3Df4398170A9986B266b09,0.001
0x82DF359Ec67De79CAaB9BaB3b0168BCb1F8b6Ae6,0.0004
0xeA00938F0dA9c7E0990432c0208513393DB83E38,0.0005
0xc7C80663E1Cf5c708Cd1519b520f5eAEda284081,0.0007
0x062d7680D26919f0b5F0610109e90C18cF785bd0,0.0007
0xEea92E33D90f3ECB0B5a44B25a2cfCE05aD98292,0.001
0xa00957902C119201Ba9C1b92433880C8D929F40a,0.001
0xCC1E2e384e79Ef377C70afe2D07B22fCC972D4d6,0.0007
0xceE66bA7E22B7699cE47f74a546D0D99f881D254,0.0001
0xc59B61D73d718C3400E04bbb55A05473dadFF97E,0.0009
0xC268Fd58233F45B33856795370797B2f46A933DA,0.0009
0x79eb1775F69C98E99cFB5DFb6f9A5047C807Cf0E,0.0008
0x863441E1c15363648fE792C2dC234D94C5Cda83d,0.0006
0x97eBE83570537A7189DbE77b802E2544767CaCe5,0.001
0xf1EB92C575dC8444E4cd9ff14F991974635Abe89,0.0008
0xef7034205Eae27B9FB3Ee62D75f49FA2d5abC17e,0.0002
0x21A2A57d55CccE1962B63d56D17f6eA74369B51e,0.0008
0xaAa6ddaadB92daCAa05701FC4B18cA5c8AfCeA32,0.0008
0x88BdfEb508B15937b9781E8c98573e700C62a424,0.0003
0x36B9181cFEfdDD2941c4162E7751682400183b51,0.0005
0x3EbEf73DDFd82f2534AC7C1dD7B0bDAeE195813c,0.0007
0x15c49D9BB77aDAcdCE69B11c7fDE1c8d115089a5,0.0006
0x94567f9Ac47e9a6aEa7A891411a03b30e4cCd8e5,0.001
0x028C031e169c0332A7bA84a771F35AEc7ba9B4A2,0.0004
0x9f57eDaafE4FEe1E28bcA31355C50C393944f64d,0.0004
0x70c8f5E9711505dD9d7A9ea7849d702325c1120b,0.0009
0x9F32071b6eF49Eb2441f9e4fc598913890C03b1d,0.0009
0x2A2795C23D0E206B6aeb85bc67d349b5982bF236,0.0002
0x702b42873F16F8A7aD2E8EDcAB13f4EAC5c09886,0.0009
0x04F067d6b6389B1DAA7D266234bAAc87947588CE,0.0004
0x7Bd2c6B4ED450D4444134927Fe4DF03998693Fe5,0.0005
0x08374A4a83a6dE7AA0B1ae16F81a421C4609D43B,0.0008
0xef34a6ff01f8648a8945a57811eD13670605DceF,0.0009
0xc216c94D180E41f7861B1bA6740B4Bc12686700B,0.0004
0xFaFEa6b94F52C814D5EBf03B0d15D2F4709E87E7,0.0006
0xa22B79331b233130f398Ce35c92725469A5812e0,0.001
0xE0Ab1214a131DD9207bdCf412c22E501a0D3171E,0.0006
0x74e08a4A7AB645B312e29B1b090fee151Fa94D7A,0.0009
0xf037C9f9c09231CeA34985EdE5E8C8cb9Be2ebFC,0.0004
0x5E76f22c077B70220c494f7e61Fcd845F4C74BCD,0.001
0x1c1ceef5371ae3dbB98997991d5C7bE0090fF27c,0.0006
0x8a06e2e1bBb100E591Dd9e503D430D76176C2886,0.0008
0x92720DbdFD9b9035De753C4Bbc6F9B7fDDDca6Ff,0.0002
0x9783a1F4B6B516cD6364574b5EaCD11bc49b68FF,0.0005
0xCB1f2cf758DDEb7Bc91c15E22a9783B290e11f06,0.0004
0xF782Ae8DBBed1CFee1d24Cf95966648786296cC1,0.0007
0xFe756c71397DAb0202Fc8ED611403344abE7281D,0.0005
0xFF38a90BfCeb8f69d50E79D586cD9f74B3A5443E,0.0001
0x385aa1729Ed246a8Eb3Bfe9Ea93A525746147149,0.0004
0x64493F4911Fa1aBc663Cd23675c7e6aB183A90e6,0.0006
0xE9F157B5185E7e99427333F5f9997212e62c2456,0.0007
0xdE8A76f61c3F52000970C6bd43D0a00682D464aF,0.0007
0x9f8E6F45FC2AC1e8AAE4355476F345B2F3078F8c,0.0008
0xfCB53268dd2C0C7BeAf2Dc5c6E15b47281E5e26C,0.0007
0x575c9EF81994E72fc098DB24277F5bf7317D5579,0.0007
0x6a2ebaf85865ddC094091501553C18A1B8643563,0.0008
0xa964b9bF77926d0A62ebDd85E381E8AdF3142c36,0.0009
0x9E94973CFCc479Ac858391B4b8f05DB2f8F167Cb,0.0003
0xe4fee40599D561F5dd71D4C4873d602bF017f8F7,0.0001
0xA83bAda74665d995081043BE85b1D716A9c650c8,0.0008
0x50De4430B6608f8D1030c8fEdf895E54915b6939,0.0003
0x7D9cc94b6B8f56f0f0bcb6e03fca02886d04c277,0.0002
0x1E7E531Ee2a44c61743f876878CEb04813964166,0.0001
0xbDb86DA98D8218A234868cB01302b7248edECe9E,0.001
0xFdD1706fcFB12210F018A9517e05A2026b6fB89b,0.0004
0x86074f774cb1650de118cFC6AeF807efc99306a5,0.0001
0x833f052625eE6A8069fDD2CEC03cD946505b57ae,0.0009
0x1AbD49882E6133AC3F40994Aa4a720E51b8724e8,0.0009
0x8CA23b90f972A4f1E4146594b5Cd9CBe5324C683,0.0008
0x97e630686edd977F581C0192E8Ca29591AECE4C3,0.0002
0xfc0dFE1FBcdF7C7908767b1b3f0cC9EA7A7841De,0.0006
0x4226fBAC2fd012b7655A3d462a2A7d88BBb5D865,0.0004
0xEBd7023d9879a0909852E44dB6Cf695955dDD964,0.0002
0x4A357cC0448969D157450518a445FBDA9bF875BF,0.001
0xDe520D142cC2D1bA8Ad33F1A6D4E2a7531F6cA6B,0.0004
0x9F4E425525aD8ed74D63F57cbeeEa33eb07571e4,0.0005
0x2f184C0B6CAd879691E759B1418F2Af54f36997e,0.0001
0x3E51293299dc039A8D5ce970bB45F50472e0BEb6,0.0004
0xe5Db4C866f1fF8d82486E3f8e563D2bdF2Ce896c,0.0005
0xa0D1423bf2eFf9279905eA0Ac3638aCfD86dfb0F,0.0007
0x63D249664141F0dB21061df731ADEd6f8CC96120,0.0005
0x55f824801324050422cb278AEbdEA082692b7e96,0.0005
0x579170817e46D73DF08D350E1523B1d68172397b,0.0009
0x4489095F4a928436E4298Af800fe545c03a17dA2,0.0006
0xbaD3CE66932C93d6026F73B7752024fd49981a46,0.0006
0xe3b8F11f035A2Dc7D1a51143886FE6e120395fd5,0.0009
0x5D2E36819328597E65e7caAFDBa2aB484094B025,0.0005
0xCa30a01317D55E65DF96b32Ed497E60Df5f08DFF,0.0001
0xf3e80A5699B0CBc7f4ea3da2e544B38D0190beDa,0.0001
0x2cAD4a59B7Be6Dd9dc9E887C8713969aa2A768b9,0.0004
0x8d9840C1623De4Aaf14167217B9351955aC2F975,0.0002
0xC2B578113bA7BDF8AD663AE1FddF9D313347B8B3,0.0008
0x7cA0f20DA79259Ac986a3603f3544bD81e7C58a5,0.0004
0xE5243158C88D7712baF0517A9a4497de61E469FD,0.0007
0xc35254dd567Bd818dB7F8Eacbb75727EbFb0efB2,0.001
0x9acc440881B5BE3e85b792e1A6Dde8fE21e8915e,0.001
0xFE1a5392902fce0EabF0B32D054092d3d7b25DF4,0.0006
0x654BE0767ac00715b6e664b7f300539283840962,0.0006
0xcB0DA3431f8D140db0A2b1684bDc980060Ecdaa0,0.0009
0xa554959C9583B1207eF15F94AE6a6687762BEb96,0.0004
0x36a0cE5901E12dB990F6355aaAa4047359AfcFAA,0.0009
0x0868121BaFB847246436F710f37a57be1FF81a00,0.0009
0xB74040616c2759614c9A2488b2aBCE886EbEC9E4,0.0001
0xAB0acF7E664c2945114De138F0b4bA67D452a299,0.0005
0x5b4eE3BEfEC211e037624973e529Ac9E768ED122,0.0009
0xC809359E4a5b64A0813fbf96F0a70fa00B80b46F,0.0001
0xaD1331Cce5528e7658D627Bc9C83b95223b24626,0.0006
0xbF925E7E26B45dF8AD63bE23E1144704F5e35BD4,0.001
0x2c295065B59A77F0968A41d39a1972b27b7E3203,0.0004
0xe66EeB4afe357b4920E59066edFB95C296DBf48E,0.0004
0x63De3CC64aa0522D2930eB366eba1115fF8Aa1cb,0.0003
0x8A873B848409057BA9c9F122DefaC4882b4afa52,0.0007
0x4605fa6b2A70Dece80B765d32C411992FfF4De4b,0.0007
0xB1CDB992B41Df14c46EfAcE68835E7d488E7Fa6f,0.0003
0xB3192c09472b99c1552bD0C0E224C0eD1bd83D0E,0.0008
0xB4afd9171a46B24af1565ad2f97acDB2Ed1A9898,0.0006
0xfa0DD1b2e327443c3678DFb44D9f97Be83187175,0.0009
0xc5606CD5d98EB7959c816Cb18238E5F618426A7C,0.001
0x37bE9C50f5764DADd97d8027B1149c993A303640,0.0009
0x7FEe0747757C49dc8a7b40AA91b1110C787BD419,0.0003
0xD3cfEbCf2946FA9425534234b8Cd489B4f10b188,0.0007
0x9fB21a8d59bB0ad9Cf8175b93a50C7F5cf9fee00,0.0009
0xcC1e41Df7Bf08c53310aEFA67026BDC9aedD7D9B,0.0007
0x9E51b5A760712e14c86E43E29D654b37163e2434,0.0008
0x0Ce68D728a1efbF7b037197c6B7A4Eab5fBb6746,0.0002
0x84035942f6a4e9E7359Ad7957DF279bF882890Fc,0.0001
0xf4fD8cC14F0cC53c790c31283E900107E4f7a447,0.0005
0x5b8F9ccCc878c94b46ADb1cfCa86D000810f0C55,0.0002
0x9DaAF771f3e2627dc4e892337A16F38593EFdC09,0.0007
0x15c04A8eb0dc61453A839A79b07bd4b93594FBe4,0.0004
0xD51e566722350FC6ac64FfC4121150d22Ba08022,0.0001
0xb61F4F17dE7dA245d63767F49c265207A72Ad631,0.001
0xE5965D87986Ecf3022372a18ad1586C8aB886D5C,0.0002
0xEffD7944feFA34B9A5d491013a567862Af81980F,0.0009
0x4E02531143b47dCFc72A1760AC73A2f21578E841,0.0003
0xefBD02c22aB462B3c83F3f4ccDcD684e38a106A6,0.0009
0xC9D4F34FaaD2F545957641a95230E483689d6725,0.0003
0xb0270fCaEAfE8b1c7c327c7FeB4C58601CDE4d9b,0.0003
0xf4487aB4973664564dB11402d6a20E60533a4379,0.0003
0xE78e115c39c965A3306c90A9b26d30067c6056F6,0.001
0xc24DEBc7a289A1418444053f22CAFF891CB66190,0.0001
0x05cee11b310eA9E4e6a63d5B278f7e751f202aEB,0.0009
0xE7aeb674E7Ebb58beE945333058345F078Cc5bAf,0.0003
0x621485BE0245d2fd749Bb56eF6E679B677d62bee,0.0004
0xf05552aac04F3525ef50B190E0556359f7051Bd0,0.0002
0x37850BCb26673f7FbF5B09853642a955c9B3FC90,0.0009
0xd45554aa7D5621F2Ef8c5708e99456531d2Ab47f,0.0009
0x414935b34000De52Fc86C32e857A39cC581FB081,0.0005
0x2f88fEdCD0427Bee232b39312a8a75CB3de91796,0.0006
0x35A5680723447D4Fa212a6d6d0c98365003b9aA0,0.0001
0xd0FF265911aA0ff87751bA3684654D7774c2Fa4A,0.0009
0xc5ED7a0484Af0A2d8419ACc74a508b72AD77e462,0.0005
0xD2299880D7E59c2dBF3eb1756e2ae79E25f495da,0.0008
0x744e84e782Af3aC7B64EA28661d22560F5128646,0.0007
0x57cBF521F99A3fA8227db4528b5aEd59EBc91579,0.001
0x94D47b9D58F19A7859F79f7D9bC5F634E0663714,0.0001
0xC9EE6ADaB739238323b0eCB200aC57E53dBE83a7,0.0007
0xD1c5e6b4985bc4b47Fc7F36FCd23EA88fA5A905e,0.0008
0x56832F05F96372AE9d494B2526f9Ba9D3879ED12,0.0006
0x5D710a4256DD7AaA74420dB2056131ec580C2b53,0.0006
0x930c10Dbc07DF4458408e73ad870386B8A950bdF,0.0009
0xeC741dB3EDda6F4a81fF9B8a82D041c4424F7dd7,0.0007
0xcBc4F72d1eff8c914A3C2a1241EE1E2b59CE4493,0.0004
0x2345852f08077feef68744cae465e53A4f03E839,0.0002
0xD145F5309942953826bBC6B7b22f49a0371485f2,0.0005
0xA9FAcD7f2C4362052072802fE72cB486e77B0031,0.0007
0xA0cA45dA493456eD2146a5b82Be3ec71C8001B83,0.0007
0xF7D16D39C7b49aFEdaB52f39e7277685ed240DD4,0.0003
0x6bAD5ce222994B2ccD99A82523d9135525dc43Bc,0.0005
